页码,微博id,微博bid,微博作者,发布时间,微博内容,转发数,评论数,点赞数
1,4890049180864668,MBMAC3CWg,宇宙-观察,2023-04-13 13:00:40,未来之光#我国可控核聚变装置运行刷新纪录# ,8,3,28
1,4909667371975875,N43ux8i0X,还是叫这个把,2023-06-06 16:16:21,光与夜之恋陆沉#陆沉#  “未匹配成功，主体已无生命特征。”  死亡来临前，最后消失的感官是听觉。  所以我还可以听见，围绕着我身边晃动的机械臂的声音。扫描的机器一次次发出警报，停在被打穿的孔洞上，试图分析着数据去填补合适的机械装置。  “快点重新检索啊！给我找到合适的为止！”  这 ...全文,12,54,383
1,4897946052591814,MF61vaSfs,北京日报,2023-05-05 08:00:00,#北京创新密码#【#雁栖湖畔正酝酿着一个世界之最#】在怀柔雁栖湖畔，一个周长1.36千米的“放大镜”形建筑群占据了967亩的区域，约90个足球场大小。今年3月14日，这里刚刚成功加速了装置的第一束电子束，向产生世界“最亮的光”又迈进了一步。  从星辰大海到生命演化，人类对未知领域的探索离不开大科学 ...全文,44,5,81
1,4911610676642291,N4S2TrRXJ,光遇Beta搬运工,2023-06-12 00:58:21,sky光遇beta服  需要双人激活，激活后开始给篝火吹风，然后烤制出一个烟花？  #光遇测试服# 光遇Beta搬运工的微博视频 ,1,11,87
1,4911812372596635,N4XidaTvd,中国能建,2023-06-12 14:19:49,#能建动态#【张家口尚义牧光互补光伏项目正式开工】6月7日，中国能建天津电建投资建设的张家口尚义牧光互补光伏项目开工。项目位于河北省张家口市尚义县，总投资24.7亿元，规划装机容量为400兆瓦，配置2小时15%容量的储能装置；新建一座220千伏升压站，最终接入张北县坝上500千伏变电站，力争2023年底 ...全文,3,2,4
1,4911783887767876,N4WygwAMk,视说欣宇v一欣一艺,2023-06-12 12:26:38,艺术通史微博艺术 2023《一欣一艺·环球艺术》 孟加拉裔英国艺术家拉娜·贝古姆把坚硬的钢丝塑造成柔软的薄纱，与层层色彩组成了一个大型的悬挂网状装置，倾泻而下的飘逸中夹杂着些许斑驳，在温和的色调中探讨着光与颜色的关系。 #遇见艺术##艺术欣赏##创意美术#  @艺术通史  ...全文,1,0,1
1,4911746399863488,N4VzNFnWw,万青化学科技,2023-06-12 09:57:40,&lt;安庆&gt;环氧树脂哪家好？万青复合材料厂家1站式供应 万青环氧树脂有许多不同的用途。例如，通过暴露于紫外线下而固化的树脂通常用于光纤，光电子学和牙科。工业工具应用程序使用它们来制造层压板，铸件，固定装置和模具。在电子工业中，它们可用于制造绝缘体，变压器，发电机和开关设备。 环氧树脂可用 ...全文,0,0,0
1,4911729442820278,N4V8sbPGm,建筑学院-Archcollege,2023-06-12 08:50:17,深港城市建筑双城双年展装置作品 —— 出太阳纪-融光城市 / 厸建筑联合团队  设计以“出埃及记”为背景，呈现人类未来因内部气候无法调节往更好的地球逃亡、因太阳氦闪扩张而往“更好的太阳系”逃亡的故事。故事嵌套了地球环境和太阳系环境这两个层级之中…更多项目详情&gt;&gt;&gt; 出太阳纪-融光城市 / 厸建筑联合团队 ,10,0,6
1,4911366731989531,N4LHr8lzd,芝加哥艺术博物馆,2023-06-11 08:49:00,这个夏天来#芝加哥艺术博物馆#，记得抬头看！  这个贯穿现代馆（Modern Wing）的彩色屋顶是艺术家Margaret Honda的全新装置，将阳光、建筑、博物馆的游客完美结合，营造出一种精美的投影效果。126片大小几乎相同的摄影色片填满了原有的屋顶天窗，构成了一卷电影胶片。太阳光代替投影机，随着展厅里游客 ...全文,6,5,39
1,4911492295821735,N4OXXoquX,AliciaLee李坤,2023-06-11 17:07:57,初夏的下午，智珠寺，在James Turrell的Skyspace装置作品空间里，在镂空的蓝天下伴着清风鸟鸣做瑜伽和颂钵冥想，然后在落日时分看着触手可及的天空，在装置灯光的影响下颜色变幻。伴随季节从不爽约的香氛散发着夏日之光，回归本心，遁入舒缓悠然的自然节奏，找到夏天的仪式感。 还顺便打卡了同在寺里的 ...全文,2217,178,1072
1,4911436428219070,N4NvQyu9E,艺术漫客,2023-06-11 13:25:57,“燃烧发出蓝色的光”是陈勇个展的主题，由妙屋艺术中心主理人刘磊担任策展，在妙屋艺术中心一层展出，妙屋艺术中心是装置艺术家陈庆庆的妙幻博物馆旗下的一家实验艺术空间，着力发掘优秀的青年艺术家，探索艺术的边界。本次展览主题与本次展出的其中一件作品同名，是陈勇近年的新作首秀。 ,0,0,0
1,4910775855220752,N4wkplU9G,美创数字站C位的小美,2023-06-09 17:41:04,#mgc创意集#   空间内包含了完整的生态系统，包括动物，植物，岩石，土壤和水；我们最大限度地利用自然光和通风；使用可远程控制的全光谱照明，模拟自然光照；选用最适宜地域植物的山泥土；使用更自然有机的装饰材料。  #遇见艺术##设计##超能新星汇##新星v## 计划# 装置艺术  ...全文,0,0,0
1,4910724164619350,N4uZ2jnHE,卷宗Wallpaper,2023-06-09 14:15:40,美凯龙艺术中心呈现常驻北京的中国艺术家胡伟个展“诱饵”和常驻伦敦的中国艺术家袁中天个展“无门一窗唯光”。  “诱饵”是艺术家胡伟的首个机构个展，由美凯龙艺术中心策展人黄文珑策划，以3部影像、装置和雕塑的形式，对其近年创作进行阶段性回顾与梳理，并首次呈现由美凯龙艺术中心支持的最新三通 ...全文,0,0,6
2,4910707134956104,N4uxzkNja,看画bot,2023-06-09 13:08:00,赫尔南·巴斯（Hernan Bas）作品  赫尔南·巴斯的创作以绘画为主，同时涉猎摄影、视频和装置，他将青春期的冒险、古典诗歌、宗教故事、神话、超自然现象和文学共冶一炉，在画面中呈现出纷繁迷人的细节与景象。  #苏打的艺术笔记# #遇见艺术# #遇见艺术# 世界艺术 每日一画 色彩  ...全文,0,0,0
2,4910587391246343,N4rqr5eej,用户158764809238,2023-06-09 05:12:10,可见光通信救援手电（Flash Communicator），就可以带来帮助。它看起来就像一个小手电，按下按钮对着它说话，就能将声音转换成闪烁光，而对方相同装置检 测到光后，又可以将其转换成语音，如此反复，从而实现通讯。 ,0,1,1
2,4910541124927519,N4qdOkFS7,沙拉蛋,2023-06-09 02:08:19,截选的这张蓝调画面，其实叠加了实景航拍、规划设计线稿，和现场声光电装置里的“萤火虫”，综合表达，既有创作来路也有执行落地，真实又梦幻。这些出自前期文本阶段的镜头设计，更兼有黛西的剪辑巧思。  现场勘景时有一个周末，真正体会到设计师强调的大片开阔空地的现实意义，植物逐渐丰沛的绿地上， ...全文,0,0,0
2,4910452180521129,N4nUm2bzj,集微网官方微博,2023-06-08 20:14:54,【#微敏科技“一种半导体发光芯片组件的光功率测试筛选装置”专利公布#】  天眼查显示，重庆微敏科技有限公司“一种半导体发光芯片组件的光功率测试筛选装置”专利公布，申请公布日为6月6日，申请公布号为CN116222977A。  据悉，采用脉冲加电方法，可使发光芯片驱动电流热效应较小，测试出的光功率更准 ...全文,3,0,1
2,4909669463888049,N43xUgjst,SashaAslan_MiNi,2023-06-06 16:24:40,一周年我得到了5次婚礼  二周年我得到了5次BE：  [陆沉]陆沉——枪伤 [萧逸]萧逸——自爆 [齐司礼]齐司礼——钝器伤 [夏鸣星]夏鸣星——坠机 [查理苏]查理苏——疑似自主开启辐射装置  我看光头可以改名为《光与__之恋》（）  我的眼泪不值钱！！  [萧逸][查理苏][齐司礼][陆沉] ...全文,74,323,2582
2,4910418239162783,N4n1BCrEP,blankme半分一,2023-06-08 18:00:02,以上海为起点，开启城市寻光计划✨ @blankme半分一 联合青年共创组织UHi热岛效应，登陆上海新天地设计节“零光片羽” 我们收集上海和舟山的废弃物，以海洋垃圾为媒介共同创作，打造艺术装置「在渔屋」🐬 快来新天地找到我们，一起探索艺术与生活灵感的另一半可能#世界海洋日##ME’ET好气色#   ⏳装置 ...全文,10,13,20
2,4910330239259792,N4kJFCQTu,M总要加糖,2023-06-08 12:10:21,我恨实验理论考试 光背十几个实验装置图就很苦恼了 还要背一堆方程和相对分子质量 还特么要被理论目的步骤注意事项 去死 ,0,2,6
2,4910197891925139,N4hid84OD,你可不可以让开,2023-06-08 03:24:27,光与夜之恋萧逸老铁我跟大家想的好像不太一样，我想的是会不会11在一场战斗中受了很大的伤然后导致身体出现问题才出现的身体有机械装置 ,0,0,2
2,4910088869646151,N4esmEtp5,画家伊慧,2023-06-07 20:11:14,伊慧新作《燃》 光绘装置作品 国际标准收藏尺寸：100*80㎝ ,0,0,0
2,4910087019433480,N4epnDA4U,chaos0007,2023-06-07 20:03:53,草泥马楼上不知哪家的震动装置天天他妈响 我这就来杀光邻居上天堂 ,0,0,0
3,4910029730222689,N4cUZ0VVL,Japantech,2023-06-07 16:16:14,新设备：透明膜检查照明装置、制造商：日本制造商 简介：配备了对透明电极等进行显微镜检查的照明装置。在透明玻璃上形成的透明膜等图案可以直接用高对比度的眼睛或照相机观察。 规格：产生使玻璃基板表面的扩散光比临界角均匀的背光效果，在临界照明中与暗场相比边缘不白光通过加入调整了光量的同轴反 ...全文,0,0,0
3,4909866382000446,N48Fw8opg,用户158764809238,2023-06-07 05:27:09,【可视化血管装置】澳大利亚红十字会血液服务中心的研究人员开发了一款可视化血管装置，它会在人身体上投射红外线光，血管中的脱氧血红蛋白吸收红外线后，血管会变成绿色在皮肤表面显现出来，让医护人员精准迅速地定位患者或供血者的静脉位置。 ,0,1,2
3,4909749965163307,N45DKlFd9,砸死我算了,2023-06-06 21:44:33,去广美看展拍了一些视觉效果强的 今天刚好碰上一堆初中还是小学生来参观，人也不少，光看了很多互动装置和游戏都没去体验，概念没有特别印象深刻的 ,0,6,5
3,4909718500280630,N44P01b0i,coast_to_toast,2023-06-06 19:39:31,物联网（The Internet of Things，简称IOT）是指通过各种信息传感器、射频识别技术、全球定位系统、红外感应器、激光扫描器等各种装置与技术，实时采集任何需要监控、连接、互动的物体或过程，采集其声、光、热、电、力学、化学、生物、位置等各种需要的信息，通过各类可能的网络接入，实现物 ...全文,0,0,0
3,4909644218368346,N42Tbz6Zk,夏夜星何时鸣,2023-06-06 14:44:20,光与夜之恋光头这次卡面细节真的很多 是懂如何藏刀的😭😭55合照背后的“we're engaged!（我们已经订婚了)” 66心口的枪伤（还有人说肩上的那个是固定头部的 猜测可能人首分离了 77刺入腹部的剑 额上的灵纹 11残缺的身躯 手里握着的自爆装置 00破损的机甲以及周遭温暖的阳光 夹缝处盛开的六 ...全文,1,7,17
3,4909616959326086,N42bdD88K,你可真是个_somebody,2023-06-06 12:56:02,内娱把演员捧得太高了，以至于觉得是演员是演技决定了作品的好坏，在我看来就好像一个远处走来一个美女她的身材比例穿搭发型皮肤都比她单纯的脸重要，放到影视剧里是一样的剧本最重要拍摄打光服装置景这些能决定一部片子七成的分数，演员最多三成，而且还得是极其符合作品人设特质强烈的演员。现在内娱 ...全文,0,8,7
3,4909612011357330,N423f5H6q,去除油腻-QCYN,2023-06-06 12:36:22,仔细看了一遍光夜这次pv终于发现这股流浪地球味从何而来  P1老五身处的地方很像球1、2都出现过的控制中心，一身电工的着装、手里的扳手以及奄奄一息的神态很难不让人联想到球1最后死在控制室的一个角色（忘了），和球2的图恒宇（最后被淹死）  P2老六躺的装置也很像球里面领航员休眠用的装置，这前面 ...全文,0,1,2
3,4909581808173665,N41gwyilj,Lebonheur悦时光,2023-06-06 10:36:21,阳光很满，做棵向日葵捕捉光的能量🌻 像它一样绽放灿烂 #巨型花##纸艺花##向日葵##纸艺定制##装置艺术##商业美陈##橱窗设计##悦时光美陈# Lebonheur悦时光的微博视频 ,1,0,0
3,4909580263885824,N41e2giSA,芢芸芅芸,2023-06-06 10:30:13,光与夜之恋 啊，查理苏身上是测辐射量的装置诶 ,0,3,4
4,4909403197937574,N3WCrxiVo,QinjieMagic,2023-06-05 22:46:37,图一图二，深圳文和友@深圳文和友  图三图四，2022深圳光影艺术季作品《光轨迹2.0》@深圳光影艺术季   昨晚打卡深圳文和友的时候，抬头看到顶上吊着的这个装置作品，让我瞬间就想到了去年的深圳光影艺术季香蜜公园展区的《光轨迹2.0》。  同样的形式，不同的材质表达，均充满未来感的两件作品。   ...全文,0,0,0
4,4909399702767633,N3WwObBZf,碎碎念的九,2023-06-05 22:32:44,每次一想到苏洄给宁一宵做的冰川装置艺术，就好像去学装置艺术，光文字都觉得震撼了 ,0,0,0
4,4909384042021460,N3W7y8tSc,爱丸卫士一号机养乐多,2023-06-05 21:30:29,"#力丸gleam光屿异次元撕漫封面# #力丸gleam光屿毕业首封# 机械播种主要是利用拖拉机牵引|播种机进行播种作业。通过适时正确的播种作业,可提高播种质量；保证种子按时保质发芽和出苗，对农业增产丰收有着直接的影响。播种机的工作部件包括排种器、排肥器、开沟器、输种管、覆土和镇压装置等。 ...全文",64,73,5
4,4909232920465806,N3SbO1Xb0,Tokyo_Twist,2023-06-05 11:30:00,#T-Art# | 当代艺术家蔡国强将在东京国立新美术馆举办大型个展“蔡国强太空旅行——从原始火球开始”。   “蔡国强太空旅行——从太古火球说起”包括重现蔡国强30年前展览“太古火球”的装置、玻璃和镜子的新绘画、大型LED作品，约50件作品将在现场展出。展出，包括动态光装置“与未知相遇”。此次展览 ...全文,0,0,1
4,4909020705721607,N3MFwo0rZ,fanfanyang在魔都,2023-06-04 21:26:44,六月伊始朋友圈有带娃逛豫园侏罗纪的，有看张信哲演唱会，有追音乐剧的，甚至小众藤井风票也瞬间抢光！ 今年参加红白歌会的藤井风超帅，朋友在哀嚎上海人抢不到上海场的票……演出市场空前繁荣。高妹不由畅想什么时候Eras Tour到上海，哪个露天体育场能够放下那一套巨型装置。是不是过于乐观了,0,0,1
4,4908963395276928,N3Lb5m8LK,美创数字站C位的小美,2023-06-04 17:39:00,#mgc创意集#   装置由步进电机、灯箱、显色偏振膜、偏振膜四部分组成。此装置运用偏振光技术，上方偏振膜改变光的入射角度，使光在通过显色偏振膜时改变了光的颜色，所以我们能看到五颜六色的图案。  #遇见艺术# #设计# 装置艺术 #超能新星汇# #新星v计划# 美创数字站C位的小美的微博视频 ,0,0,0
4,4908893425370971,N3Jmemxez,昭寻公馆官博,2023-06-04 13:00:58,光遇陪玩 易燃装置致：     预祝所有参加高考的选手们旗开得胜 马到成功 金榜题名 高考加油！ 易燃装置将于6月6、7、8停业，期间点单群不开放，有需要可到板群d me ,0,0,3
4,4908653352848124,N3D71bWVu,吕森森森,2023-06-03 21:07:00,高奢展还是要去搂一眼的，毕竟能了解到目前满(金)载(钱)巧(堆)思(积)的声光电装置与艺术结合的尖端科技效果会是什么样子，哈哈顺便洗洗眼咯。最值得停留的是典藏馆，里面有各式各样的服装配饰物件，还有素材文献和Vittorio Accornero在上世纪七十年代为丝巾印花所做的20多幅插图手稿。很好奇便查了一下 ...全文,0,0,1
4,4908560179266365,N3AGJCSBv,Pleiades_M45,2023-06-03 14:56:46,所谓【戴森球】，是物理学家戴森设想的一种最大限度利用恒星光和热的装置，你可以把它想象成一个完全包裹太阳的薄膜，它有着超高的光电转化能力，一旦完成对恒星的包裹，就能百分百吸收恒星的光和热用来做功。 ,0,0,0
4,4908311956429436,N3uenqYAA,宇宙-观察,2023-06-02 22:30:25,所谓戴森球，是物理学家戴森设想的一种最大限度利用恒星光和热的装置，你可以把它想象成一个完全包裹太阳的薄膜，它有着超高的光电转化能力，一旦完成对恒星的包裹，就能百分百吸收恒星的光和热用来做功。  很多人可能对恒星的能量没啥概念，在这里我说明一下：距离太阳1.5亿公里的地球每秒接收到的太 ...全文,29,38,71
5,4908267980197571,N3t5s0PoD,堂本家猫妖Aska,2023-06-02 19:35:40,【51/连载】远超SHOCK的HAPPY DAYS   06  光 -light-  (＝∀＝·)舞台结束之后舞台上的灯光熄灭，总觉得有种难以言说的寂寞。演唱会也是同理，尤其不喜欢看到staff撤舞台装置布景。特别忙碌，而且看着那么华丽的舞台布景变成一片黑暗..这样的气氛真的让人很难忍得住。   &lt;全力拼下来的2个月&gt;  (＝∀＝·) ...全文,22,0,108
5,4908207531627776,N3rvX6Pss,用户7827071135,2023-06-02 15:35:28,#南昌九龙湖龙舟赛# 龙之梦光影艺术季装置系列内容之三：《跨界》，该装置2米*3基座*6米长边1个1.5米*3基座*4.5长边3个 钢网装置。刚劲矗立的尖角，仿佛受困与钢网icon之中灯具，溢出钢网之外的光芒，表达了光的力量，有光无界，像是破土之笋，向上而生。 ,0,0,0
5,4908200707753227,N3rkWwwY3,望秋叹,2023-06-02 15:08:21,现实版的红色警戒光棱塔，一万多面镜子组成的发电装置，敦煌出发阳关和玉门关都会看到它#奔赴初夏##带着微博去都市# 酒泉·敦煌光电博览园 望秋叹的微博视频 ,515,240,761
5,4907983533770993,N3lGFfP0t,翅翅w,2023-06-02 00:45:23,少侦如果一起在博士家玩塞er达 柯虽然不上手但会提供神庙和各种任务/机关的解题思路，不会一下就说明白，而是会给小朋友们一点点引导，完全不破坏孩子们的游戏体验  光彦打人马和做装置都很行，会画设计图做高达的那种（？），盾反也相当上手  步美热爱收集呀哈哈，伯库林跳舞的时候会跟着在屏幕前蹦蹦 ...全文,0,0,3
5,4907926533442547,N3kcJeryX,商业咔DAILY,2023-06-01 20:58:53,上海活动｜2023设计上海  新天地设计节 🪽以“零光片羽Plug-in-Illusion”为主题，今年的“设计上海 新天地设计节”带来建筑、设计、艺术、时尚等不同话题下的21组富有想象力、科技感、可持续和互动感的艺术设计装置，化身为城市空间的“插件“，融入上海新天地全域。零距离感受设计想象力与城市在地 ...全文,0,0,0
5,4907891582043272,N3jim8zy0,央视一套,2023-06-01 18:40:00,【第2弹｜#非遗里的中国致敬传承创新#】 人工吹制玻璃器皿技艺创新应用于神光-II升级装置中大功率脉冲氙灯，平遥推光漆器髹饰技艺摇身一变成为时尚单品走入平常生活，古建筑模型制作技艺创新发展为拼装式地铁站建成的核心技术，当代木雕、石雕、砖雕制作技艺，已然成为砖雕动画电影的重要元素......6月 ...全文,4,0,14
5,4907872124671474,N3iMYjBgm,光巢科技-灯光装置艺术服务,2023-06-01 17:22:41,新媒体艺术装置是在装置艺术基础上，与新兴的多媒体技术结合而创作的艺术装置，它综合运用声、光、影，将艺术科技化，并更加强调实时性、交互性与体验性。 如今沉浸式、互动式的多媒体艺术装置作为一种新兴艺术浪潮，已经融入现代生活的各个领域，引领公共艺术的发展潮流。妙趣横生的新媒体艺术装置作 ...全文,0,0,0
5,4907753171323539,N3fH75yjp,ELLEDECO家居廊,2023-06-01 09:30:00,伴着初夏的脚步，2023@设计上海新天地设计节如约而至，以“零光片羽”为年度主题，邀请各类创作者将设计融入城市在地文化的肌理之中。 5月31日-6月25日，21组艺术设计装置化身城市空间中的“插件”，在新天地的街头巷尾限时闪现。速速跟上DECO的脚步，和我们先来一睹为快吧！ ,1,0,5
5,4907581263053987,N3bdQcOtR,价值决定论,2023-05-31 22:06:54,CPO板块很强，背后崛起的逻辑是什么？  首先，CPO指的是一种封装技术，里面的核心包括光模块和芯片。那什么是光模块呢？  光模块是光电转换的关键部件。比如，在光通信的信号传输中，先将电信号转变为光信号，在光纤中传输，到达目的地之后，再将光信号转变为电信号。而其中的转换装置就是光模块。  而 ...全文,0,1,1
6,4907045964744389,N2XisjUep,互金观察站,2023-05-30 10:39:49,【#小米太阳能设备专利可为手机充电##小米太阳能充电方法专利公布#】 天眼查App显示，5月30日，北京小米移动软件有限公司申请的“太阳能充电方法、装置、设备及存储介质”专利公布。 摘要显示，该方法包括：基于光线检测模块获取终端设备当前所处环境的太阳光强度；响应于检测到太阳光强度满足设定条件 ...全文,0,0,1
6,4906816376411032,N2Rk9qTNK,能吃一只猪宝子,2023-05-29 19:27:31,笑死 停了半个小时的电 楼下直接玩起来了 他们还用电学装置搭了个光路哈哈哈 ,0,0,0
6,4906718859101732,N2OMRCbM8,魔法集市,2023-05-29 13:00:01,#玛沙娘的种草日记# #BL漫画# 今天为大家介绍来自#光田さの#老师创作的科幻类#幼驯染# 再会相恋作品——#生命体Lの果てから#    在时计台担任管理员的天才学者レテ，10年前在家乡相遇并交好的大河突然造访，并住进了时计台，让レテ有些困惑的同时他们发现了神秘的装置...!?这本是比较特别的全年龄向的 ...全文,22,0,32
6,4906099822040019,N2yGq8yHx,安妈0618,2023-05-27 20:00:11,昨天从早上6点半起床到晚上23:00，一天换了5身衣服算是搞了5个项目，到家卸妆洗漱快12点才睡。今天又爬起来去上特别喜欢的艺术装置课，这精力我都佩服！而我因为昨天陪了一天后，今天在家昏睡了一整天 不过，昨天最大的感受是：老师眼中有光心中有爱，而孩子们真的好喜欢她们的老师。论让 ...全文,0,14,46
6,4906512684423537,N2JqkiyLn,my小野酱,2023-05-28 23:20:45,重庆遛娃!!5米巨型奥特曼超震撼!  和小侄儿去悦荟逛街居然遇上了他最喜欢的奥特曼展览!不仅有巨大的奥特曼可以拍照打卡。而且现场好多奥特曼周边和活动!请相信光!  门口还有5米巨型奥特曼装置和3米半身美陈，不分性别、不分年龄，无数人爱了几十年的大IP也就只能是奥特曼了吧😄  这份深度沉浸式打卡 ...全文,1,0,8
6,4906359236330105,N2FqPqyKt,徐汇文旅,2023-05-28 13:11:00,杜梦堂(上海)荣幸呈现法国艺术家——雨果·德维切尔个展(Hugo DEVERCHÈRE)在国内的首次个展“远方”。作为艺术家近年的研究项目之一，“远方”专注于太空探索的想象和发现新天体所产生的幻想，涵盖了以天体摄影、算法合成、光蚀刻等多种技术完成的系列摄影作品，以及多件结晶变化和霓虹装置作品。这是对 ...全文,0,0,0
6,4906161633496254,N2Ai7eFxc,昭寻公馆官博,2023-05-28 00:05:48,光遇陪玩 易燃装置的女人们 ,0,2,1
6,4906151491147101,N2A1L4OpD,宝石丸Jeweleyes,2023-05-27 23:25:30,#龚子棋##凯迪拉克·上海音乐厅##fake in sanity##凯迪拉克·上海音乐厅# 在凯迪拉克音乐厅  举办了，光 音乐会，都是乐队原创的歌，特别喜欢那首老派的歌 伴唱 玄乐还有乐队，音乐特别像装置的飞马。希望能在看到乐队的演出。 上海 上海·上海音乐厅 ,0,0,6
6,4906140909966249,N2zKGFOFX,玛卡巴卡保平安,2023-05-27 22:43:27,上一代福特福克斯RS上有个很特别的小装置，当车门打开的时候会通过机械结构弹出一个垫片护住车门下半部分金属边缘，防止磕坏旁边车门，后来这个非常人类之光的装置就销声匿迹了，甚至在福特自己的其他车型上也没有再装备，如果非要总结一下就是，以当下劳动力和生产关系水平无法实行共产主义制度 ,0,0,0
6,4905616591556569,N2m716wVX,假面骑士中国官方微博,2023-05-26 12:00:00,假面骑士 #假面骑士#  【假面骑士光辉骑士│新品上市】 超帅气的假面骑士，按动腰间皮带装置，闪耀骑士之光！ 空我、甲斗王、零一、利维，四款人气角色集结！  光辉骑士现已重磅上市！赶紧入手吧！ 入手方式请戳评论👇 ,5,12,48
7,4905740970754500,N2plD3ahm,作品集培训,2023-05-26 20:14:13,南加州的艺术家Dariustwin，他擅长创作令人惊叹的光绘装置艺术作品，为黑色的夜空增加了绚丽的颜色😄  #装置艺术##视觉传达##艺术留学##作品集辅导##艺术灵感# ,0,1,2
7,4905700205006304,N2ohSl0mQ,suny5298,2023-05-26 17:32:15,传感器是一种能够将物理量转化为电信号的装置，它可以感知周围环境的变化，并将这些变化转化为电信号，以便于计算机或其他设备进行处理和分析。传感器的原理是基于物理量与电信号之间的相互转换，常见的物理量包括温度、压力、湿度、光强度、声音等。传感器的应用非常广泛，它们可以用于工业自动化、医 ...全文,0,0,0
7,4905615858336006,N2m5PyYzI,用户158764809238,2023-05-26 11:57:04,沙漏由两个玻璃球和一个狭窄的连接管道组成，在古代它是一种测量时间的装置。设计师YoungBok Kim用发光二极管代替了里面的沙子，把它设计成了一个神奇的沙漏灯。当你翻转沙漏时，上半部分的灯光会逐渐变暗，下半部分则会逐渐变亮，就仿佛光从上面慢慢流到了下面一样。 ,0,0,0
7,4905071399142178,N27VFCmiu,陶说泛财经,2023-05-24 23:53:36,众智科技（4028万，-5.29%）：智能电网+次新股 1、公司发电机组控制器、EMS能源管理系统、低压备自投、三电源自动控制、旁路开关控制在智能电网、虚拟电厂具有相关应用。 2、2023年5月18日互动，公司研发的混合能源控制系统可实现储能装置与风、光、油、气等多能互补，可根据需要与公共电网灵活互动且 ...全文,1,1,5
7,4905054296081293,N27u5pw1n,天使是流星的眼泪,2023-05-24 22:45:38,@瑞典ASKO雅士高 以斯堪的纳维亚半岛的自然风光和艺术灵感为设计源泉。来ASKO House，一同探索北欧之光的奥秘。变幻空间外围的北欧极光装置，与ASKO品牌的北欧气质相映成趣。一场奇妙的北欧之旅即将开始！#ASKO北欧之光 闪耀上海##在上海，遇见北欧之光# ,41,42,55
7,4904603667140196,N1VLgtXus,美创数字站C位的小美,2023-05-23 16:55:00,#mgc创意集#   以3D mapping技术作为载体的新媒体数字艺术投影作品，以活化岭南画作为主题，以中国20世纪建筑遗产——岭南画派纪念馆为光投影载体，让岭南画作中的山、水、花、鸟等意象活化，化静态为动态，表现一个充满想象力和魔幻色彩的数字艺术空间。  #遇见艺术# #设计# 装置艺术  ...全文,0,1,3
7,4904597090731889,N1VAF34oF,证券之星官方微博,2023-05-23 16:28:52,【热点题材物联网概念是什么】 物联网(Internet of Things，简称IoT)是指通过各种信息传感器、射频识别技术、全球定位系统、红外感应器、激光扫描器等各种装置与技术，实时采集任何需要监控、 连接、互动的物体或过程，采集其声、光、热、电、力学、化学、生物、位置等各种需要的信息，通过各类可能的 ...全文,0,0,1
7,4904587825777033,N1VlIoeRX,Acrel梁小芳18321580126,2023-05-23 15:52:03,发布了头条文章：《浅谈电弧光保护装置在水电站的配置方案》  浅谈电弧光保护装置在水电站的配置方案 ,0,0,0
7,4904306416814480,N1O1PsAKY,跑路了别骂了,2023-05-22 21:13:50,我靠 看了粉墨澳门饭拍，灯光舞美设置真的很好，小舞台上还有顶光装置设置，外籍能不能对保湿盒也上点心啊 ,0,0,1
7,4904233730572816,N1M8B2p0Y,时尚潮艺术,2023-05-22 16:25:00,艺术家Claudia Bueno使用光和多层玻璃创作出绚丽的艺术装置神店通缉令的微博视频 ,0,0,0
8,4904133096113950,N1JwhpEw6,用户158764809238,2023-05-22 09:45:07,Orbotix在CES 2011上推出了一款Sphero机器球，用户只要使用iOS 或Android的装置，如手机、平板电脑等，通过蓝牙连接，再加上专用的Apps 就可以遥控它作全方位的移动，还可发出各种不同颜色的光，非常酷炫。 ,0,0,0
8,4904132568418604,N1Jvqzk3W,升叶RiseLeaf-自然采光,2023-05-22 09:43:01,导光管日光照明系统是一种无电照明系统，采用这种系统的建筑物白天可以利用太阳光进行室内照明。 1、其基本原理是，通过采光罩高效采集室外自然光线并导入系统内重新分配，再经过特殊制作的导光管传输后由底部的漫射装置把自然光均匀高效的照射到任何需要光线的地方，从黎明到黄昏，就算是阴天，日光照 ...全文,0,0,1
8,4903931949877736,N1EhQFrEk,是阿仔么,2023-05-21 20:25:50,看了心情就会好的画 艺术区装置里的光 等待下班的熊 和久违的妆 ,0,0,0
8,4903488868063627,N1sLcxPIv,视说欣宇v一欣一艺,2023-05-20 15:05:11,艺术通史微博艺术 2023《一欣一艺·环球艺术》 英国艺术家塞里斯·怀恩·埃文斯结合雕塑、摄影、电影、文字、光以及声音等媒介，采用霓虹灯管创作了一系列灯光装置作品，复杂交错的光影展现出独特的戏剧性和魔幻色彩。 #遇见艺术##艺术欣赏##创意美术#  @微博人文艺术 @艺术通史  ...全文,1,0,1
8,4903237726249542,N1me8qdN4,用户7837884035,2023-05-19 22:27:14,地铁跑酷#地铁跑酷奥特曼联动##地铁跑酷暑光之战#希望我有地铁跑酷装置上。 ,0,0,0
8,4903232436437435,N1m5Br0FB,神祈的四天,2023-05-19 22:06:12,#摄影# 光圈是位于镜头内部的小叶片互相重叠构成的光孔，光圈可根据其开闭程度调整图像感应器的受光量。比如：光圈打开，则使大量光线通过；如光圈缩小，则可限制通光量。  说简单点就是一个控制进光量多少的装置，好比窗户，你把窗户打开进来的光线就多，稍微关一点进来的光线就少。  大家记住一个定 ...全文,0,0,0
8,4902772128877089,N1a7aBfkR,月亮美术馆MoonArt,2023-05-18 15:37:07,🌈  艰难的时刻 都积攒着一个彩虹般的希望  Daniel Buren  🧡  在法国艺术家丹尼尔·布伦的装置中，光在彩虹中起舞，像是被引领进了一个奇妙的世界，穿越这些彩虹的梦境，沐浴在色彩的雨露之中，无尽的光芒洒落在人身上，温暖而宁静，犹如一种祝福，仿佛时间停滞在这一刻。在这里，人们仿佛可以忘记 ...全文,19,3,115
8,4903112177092022,N1iXDtKXs,嶽夜心声树,2023-05-19 14:08:21,"卧室的普通照明，在设计时要注意光线不要过强或发白，因为这种光线容易使房间显得呆板而没有生气,最好选用暖色光的灯具，这样会使卧室感觉较为温馨。普通照明最好装置两个控制开关，方便使用。 ",0,0,0
8,4903100886286553,N1iFqqnq1,川影校友会,2023-05-19 13:23:28,『川流簇梦 影心永熠』#川影30周年校庆#，用光影裁剪时间，透过川影校友的目光凝视世界，“拾光无界∞川影三十”#校友影像装置展# 带你走进他们眼中的世界。 成都·四川电影电视学院(安仁校区) ,0,0,5
9,4902868051823770,N1cBT7ErE,树懒日记-,2023-05-18 21:58:17,5.14 0.2: 西门的月季真的太太太漂亮！ 拾光礼盒里有一个塑料相机 一个胶卷 一个相机袋 一个贴纸 一个胶卷样卷数据线布  还有外面的包装盒是一个镜像装置 可以从里面看相机里的样子 ,0,0,1
9,4902709440286069,N18u41cq1,蒋一麦,2023-05-18 11:28:01,鹤壁的超级悬浮床工业示范装置、世界最大单口径射电望远镜反射面板、高性能无源光电子材料与器件等关键核心技术跻身世界领先水平。 国内领先的卫星运营与应用服务提供商航天宏图2020年将华中总部卫星运营中心落户鹤壁，提出“女娲星座”建设计划。 ,0,0,0
9,4902547305791782,N14gyoiHQ,热带苔藓,2023-05-18 00:43:45,早上找雕塑的时候就在想，没有主题没有人文的艺术是没有生命的，我不喜欢意义不明的美的艺术，没有人文的艺术装置只是一堆锃光瓦亮的破铜烂铁。 ,0,0,0
9,4902418540924252,N10US3Sri,起个什么比名呢,2023-05-17 16:12:05,😭回来吧韩吉队长😭 🌟我最骄傲的信仰🌟 ⚡️历历在目的帕拉迪岛⚡️ 😭眼泪莫名在流淌😭 💥拿着崭新的雷枪💥 👍还有给力的立体机动装置👍 ⚡️把巨人都给刀光⚡️      通宵掩护也无妨 ,0,1,2
9,4902038012434115,N0R17addV,NOWNESS现在,2023-05-16 15:00:00,#WhatNOW# 2023年5月21日至9月3日，北京@美凯龙艺术中心 将呈现常驻北京的中国艺术家胡伟个展“诱饵”和常驻伦敦的中国艺术家袁中天个展“无门一窗唯光”。  “诱饵”和“无门一窗唯光”以影像、装置、雕塑和图纸的形式，对胡伟和袁中天近年创作进行回顾与梳理，并首次呈现最新三通道影像作品《地鸣 碎 ...全文,3,0,5
9,4901942021063838,N0Owi4sKG,洛阳网,2023-05-16 08:38:34,【助力转型升级！洛阳将打造一批具有较强市场竞争力、行业影响力的民营企业集群】锚定行业前沿，洛阳涧光特种装备股份有限公司解决了炼化企业长期存在的焦化装置环境污染、高耗能等突出问题，成为国内延迟焦化特种装备领域领军企业。企业荣获制造业单项冠军企业称号，其焦炭塔自动顶底盖系统国内市场占 ...全文,2,0,0
9,4901645403816778,N0GNSg0UW,国网河北电力,2023-05-15 12:59:55,#河北电力简讯#检查计量装置，保障居民用电。5月15日，国网魏县供电公司“太行之光”共产党员服务队走街串巷，为居民用户检查计量装置，更换低压开关，及时消除设备隐患，保障居民安全可靠用电。@国网邯郸供电公司（刘红杰 张凯） ,28,26,33
9,4901630073639214,N0Gp9fgJ0,美创数字站C位的小美,2023-05-15 11:59:00,#mgc创意集#   一苇渡达摩石窟光影艺术馆以幕府山生态修复的“百态达摩”石窟为天然载体，创意性采用光影艺术打造超24米巨幅达摩像，设置八大“光”空间，传承东方美学视效，最新的全景投影+音频技术，将达摩一苇渡江的故事在石窟内全包围沉浸式呈现，是全国首个以达摩为主题的洞窟实景光影秀。   ...全文,0,0,1
9,4901242348507699,N0wjMzHeX,落雨听萧,2023-05-14 10:18:19,光有颜色，而灯泡装置的设计上可以再丰富多彩些，比如灯泡装置可以通过转动方位适应音乐节奏的演绎，这么理解一个房间里面，光可以可以按易经音律演绎韵律节奏，如果想升级，就可以理解为通过韵律节奏设计出想要的光学仪器模型，如果说想得到具体的仅仅只是需要拨动那几根光弦就能得到物质结构 ,0,3,0
9,4901239587866750,N0wfkx0v4,SLLee217,2023-05-14 10:07:21,电影《菜单》（The Menu）拉尔夫•费因斯（哈利波特系列电影伏地魔的扮演者）主演的一部恐怖饕餮盛宴喜剧，我认为这部电影更偏向于黑色幽默和荒诞哲学，写实风格的拍摄手法和细致优雅的全景装置场景艺术让人迅速带入人物角色和故事剧情！ 至于女主角作为引子最后用自己的急智让自己离开了 潘多拉之光 ,0,9,2
10,4900865825833432,N0mwuotxC,红隼防务Blood-Wing,2023-05-13 09:22:09,红翼前锋小型战斗穿越机具有高机动性，可有效追踪锁定敌方目标；配备光流定位系统，可飞入室内进行侦查打击；配备抛投器与起爆装置，可携带手雷、TNT对敌进行打击，也可以携带60mm迫击炮弹对敌进行轰炸。 红隼防务Blood-Wing的微博视频 ,10,13,48
10,4901038618575794,N0r1bzYXg,养猫大户Catleslie,2023-05-13 20:48:46,开头风风光光没几分钟，转眼就只剩裤衩子了 塞尔达公主就不能陪在我身边吗？又又又要去找她 粘好了滑轮木板然后摔倒了，站起来以后这个装置已经潇洒地滑向了对面谷底，粘了四根木头当桥，最终没放好掉了下去，我木匠林克挫败的开端 ,0,0,0
10,4900955244202604,N0oQIhDhW,蒋一麦,2023-05-13 15:17:28,中国第一台大型拖拉机、第一台大型球磨机、第一台高速柴油机、第一台液压支架、第一颗人造金刚石、第一块浮法玻璃、第一张帘子布、第一辆纯电动客车、第一台隧道盾构机由河南制造。 2022年3月，河南省谋划建设的首个重大科研基础设施超短超强激光实验装置项目（“中原之光”）开工仪式在郑州市举行，该 ...全文,0,0,0
10,4900889350902023,N0n8r3MEL,于湉TANISM湉湉圈制造所,2023-05-13 10:55:38,于湉 #拾光513#   【@于湉 拾光演唱会•外场应援】  Forever love you Forever be with you 将这美好的一瞬定格成永远 永远在你身后 永远，听你唱  我们在演出场馆外摆放了拍照打卡装置以及花篮，欢迎湉湉圈们去互动玩耍呀 ,10,13,39
10,4900920595583226,N0nWPnqs2,都柿仙宫,2023-05-13 12:59:47,midjourney 彩虹🌈光艺术装置 ,0,0,0
10,4900914147628137,N0nMqw0qt,广宏施涵,2023-05-13 12:34:10,520快来啰，在平台上看到婚礼布置受到启发，于是贴了这张“机械狂想婚礼” 出境胶带： @呦呦呦手帐 5月集市🌟品《机械狂想-拆》，200㎝循环，贝壳光材质，各种大小齿轮和装置，让拼贴更有乐趣，墙裂推荐⭐️⭐️⭐️⭐️⭐️ @一木一横 🌟品《卡布奇诺》，这款玫瑰花也超美 @Wines原创手帐工作室  ...全文,2,1,4
10,4900612401007609,N0fVK4e7L,西递石林景区,2023-05-12 16:35:08,西递夜游是以“西递传奇”光影秀为主要载体，以《梦里徽州、西递传奇》为主题，定位于“绝美山居、那时情怀、如梦影秀、越夜越美丽”，依托水景、山体、建筑、牌楼，集合声、光、电等现代化科技手段，通过多媒体建筑投影、多媒体动态影像、多媒体互动装置、水幕激光投影、3DMapping以及视觉音乐等表现 ...全文,0,0,0
10,4899973705237926,MFWLUlYCG,中科院之声,2023-05-10 22:17:11,【他强任他强，“拉索”全看光】高海拔宇宙线观测站（LHAASO）投入正式运行。它到底有多厉害，“中科院之声”带你来略知一二。#LHAASO通过国家验收# #超强科学设施通过验收# #4000米以上多了个大科学装置# ,36,9,63
10,4900134930876431,N03vD3FZZ,用户7188557319ls,2023-05-11 08:57:50,西元产品中标深圳职业技术学院 1.西元IT工程技术实训平台，7套 2.西元全光网配线端接实训装置，1套 3.西元综合布线故障检测与维护实训装置，1套 4.西元网络综合布线器材展示柜，4套 5.西元智能布线管理系统，2套 6.西元光纤冷接与测试工具箱 7.西元综合布线工具箱 8.配套测试设备与器材等  ...全文,0,0,0
11,4899518027925038,MFKUWxfFc,想被维埃拉女疯狂亲亲,2023-05-09 16:06:29,再回看了一遍剧情，芝诺斯有个镜头表现他断气了，胸膛不起伏了。之后光战快要闭眼的时候，眼中闪出一颗亮闪闪的星球，接着一个传送装置落在了光战身边，这才活下来的。弹幕说奥秘克隆任务有提到最近出现了一颗新星。 ,0,0,4
11,4899444589594948,MFJ0uEg5e,南通盈丰制造-金属检测机厂家,2023-05-09 11:14:40,使用金检机的必要性  使用金检机的目的是为了检测在食品生产过程中的原料或产品中混入的金属异物，当设备检测到微量的金属杂质时，声、光装置就会报警，同时设备会做出自动停止运行，自动倒带和自动剔除等功能。  虽然在食品的生产过程中有严密的管理流程，对金属异物的流入有相应的防范措施，但始终不 ...全文,0,0,1
11,4899441788060211,MFIVYxOPp,小海的那片海,2023-05-09 11:03:31,一早又收获了一些美图昨晚美好的“Wildest Dream”诞生于内蒙古草原的自然疗愈生活方式品牌己光Gerel Gilvaa携手知名艺术家NOWON和国际花艺师Aki Yang，坐标张园一周限时装置艺术展 ,0,0,1
11,4899418862259361,MFIl09tLj,灰烬如雪般温柔,2023-05-09 09:32:26,在B站看1.0的剧情，有个情节是1.0的玩家可以选择一个自己的搭档NPC一起冒险（类似伴侣），评论说现在的光战也有伴侣，比如20方和emt，有人回复你的伴侣这么多一定都活得好好的吧，然后一堆回复就跟着刀刀刀哭哭哭…………呃我说你们是什么全自动哭丧装置吗，检测到关键词就开始输出，跟你吗一群若智一 ...全文,0,2,4
11,4899292659583134,MFF3rEd0G,little-shyyy,2023-05-09 01:10:57,弘前的樱花只剩下几株，但即使是绿色的公园本身也很适合散步。弘前城在进行地基石头的重建，建完了还要挪上面的城。本来想说弘前城怎么那么小啊？看了下发现这是复刻，以前复刻过更大的，结果没装避雷装置😅 被雷劈了.. 离开公园步行到近年开幕的炼瓦仓库美术馆，光是正门上的红砖设计就看了很久… ,0,1,6
11,4899279787000258,MFEIGtn5o,Mnemonic_qwerty,2023-05-09 00:19:47,在阿婆的院子里做了个跟时间记忆还有光相关的小装置 还有妈妈带我去做的指甲 回家真好呀呜呜🥹 ,0,0,4
11,4899204201451470,MFCKM65AO,电影狂人,2023-05-08 19:19:27,神经链接装置，真的是隐私都没了，全被看光#春日荐片季##影视剪辑##电影精选片段#  电影狂人的微博视频 ,1,0,2
11,4899193862752878,MFCu6by9g,大威说改车,2023-05-08 18:38:22,23款迈巴赫s480如何优雅的上车？加装电动后门 手势控制#大威说改车# 电动门配件组成，触动装置，电动拉伸锁块，门控模块，按键开关等这些配件组成。 手势控制智能感应助理配件组成，高配眼镜盒总成，顶棚盖板，顶棚红外摄像头，导光饰条，支架，手势模块，线材等配件组成。 电动门功能使用：有以下这几 ...全文,0,0,0
11,4899094970241943,MFzUB10Wj,Lunate小灯,2023-05-08 12:05:24,昨天逛了上博搞的那个珍藏展感觉不咋滴，问题不在画上(废话，就是整个展就显得很不专业很敷衍，比如打光就太糟糕了，不管是纯看画还是想拍照留影的体验都很糟，而且以我艺盲美盲粗浅的见识好像油画展一般不会在框上加玻璃做保护()，加上下午去看了西岸的展，虽然一边是油画一边是装置艺术，但水平差距 ...全文,0,0,0
11,4899051005544490,MFyLGngng,persimmon10,2023-05-08 09:10:42,昨天去看银护3 最想吐糟的是反派boss已经搞出来给生物半分钟进化百万年的装置了 母舰的物理强度还是脆得简直是纸壳子 拜托你们怎么光搞生物不搞材料啊 ,0,0,0
12,4898844296616699,MFtohrLiX,pipi美会说单口相声,2023-05-07 19:29:19,"现在西九龙文化区真的做得很好 光是M+里面就有电影院 展区 餐厅 咖啡馆  几个展里面最喜欢的其实是Things, Spaces, Interactions 一个讲装置艺术和建筑的展 草间弥生是很好看 但是很难看懂🤣 香港·M 视觉文化博物馆 ",0,3,6
12,4898655729615567,MFou8ElrN,京报网_北京日报官方网站,2023-05-07 07:00:01,【2025年，世界“最亮的光”，北京！】在怀柔雁栖湖畔，一个周长1.36千米的“放大镜”形建筑群占据了967亩的区域，约90个足球场大小。今年3月14日，这里刚刚成功加速了装置的第一束电子束，向产生世界“最亮的光”又迈进了一步。从星辰大海到生命演化，人类对未知领域的探索离不开大科学设施。在怀柔科 ...全文,0,0,1
12,4898494411965382,MFkhX8fhI,北京关注,2023-05-06 20:19:00,【#探秘全球最亮光源#：将成地标性建筑】今年1月，位于怀柔科学城的国家重大科技基础设施北京高能同步辐射光源（HEPS，俗称北京光源）完成主体钢结构施工，周长近1.4公里的装置区正式连接成环。寓意“希望之光”的北京高能同步辐射光源，就像一扇通往微观世界的“窗口”，建成后将成为世界上亮度最高的 ...全文,0,1,2
12,4898338886912084,MFgf6t09e,北京青年报,2023-05-06 10:01:00,#北京创新密码#【#探秘全球最亮光源#：将成地标性建筑】今年1月，位于怀柔科学城的国家重大科技基础设施北京高能同步辐射光源（HEPS，俗称北京光源）完成主体钢结构施工，周长近1.4公里的装置区正式连接成环。寓意“希望之光”的北京高能同步辐射光源，就像一扇通往微观世界的“窗口”，建成后将成为世 ...全文,0,1,2
12,4898311829458941,MFfxsDGHz,时间视频,2023-05-06 08:13:29,【#探秘全球最亮光源#：将成地标性建筑】今年1月，位于怀柔科学城的国家重大科技基础设施北京高能同步辐射光源（HEPS，俗称北京光源）完成主体钢结构施工，周长近1.4公里的装置区正式连接成环。寓意“希望之光”的北京高能同步辐射光源，就像一扇通往微观世界的“窗口”，建成后将成为世界上亮度最高的 ...全文,0,0,2
12,4898009072014284,MF7F98s0s,上海成雨,2023-05-05 12:10:26,#油混和插混怎么选#买车用车不能光考虑燃料成本，还要考虑每公里使用代价，考虑残值率，总体来看，要么纯电，要么纯油，一辆车不需要具备两套动力装置。 ,0,9,66
12,4898061254397565,MF91jis0t,北京青年报,2023-05-05 15:37:47,【#比宇宙背景辐射温度还低的超低温#】#北京创新密码# 小于1毫开尔文的极低温、超过300吉帕斯卡的超高压、至少26特斯拉的全超导磁体强磁场以及约100阿秒的超快光场……这是中国科学院物理研究所在怀柔科学城落地建设的综合极端条件实验装置所能提供的实验条件。  所谓极端条件是指在实验室中人为创造出 ...全文,3,0,1
12,4898004349485744,MF7xwDNFS,新京报,2023-05-05 11:51:40,【追光的人|#我国第一台高能同步辐射光源#】在怀柔雁栖湖畔，一个周长1.36千米的“放大镜”形建筑占据了967亩的区域，约90个足球场大小。今年3月14日，这里刚刚成功加速了装置的第一束电子束，向产生世界“最亮的光”又迈进了一步。  从星辰大海到生命演化，人类对未知领域的探索离不开大科学设施。在 ...全文,1,0,12
13,4897959710296856,MF6nx1fe0,海南V电商,2023-05-05 08:54:17,极光的影子是#2023极光三亚露营节#的独特艺术品~希望这个装置可以成为人们在海南岛旅行中的一个特别的经历，一件美丽的艺术品。漂浮与无影，轻柔与无形-作为自然本身，揭示了光与自由 #2023海南国际文创周##三亚旅游# SMART度假产业平台的微博视频 ,0,0,0
13,4897950793467206,MF699exYG,北京新闻广播,2023-05-05 08:18:51,#北京创新密码#【#雁栖湖畔正酝酿着一个世界之最#】在怀柔雁栖湖畔，一个周长1.36千米的“放大镜”形建筑群占据了967亩的区域，约90个足球场大小。今年3月14日，这里刚刚成功加速了装置的第一束电子束，向产生世界“最亮的光”又迈进了一步。  从星辰大海到生命演化，人类对未知领域的探索离不开大科学 ...全文,0,0,0
13,4897782404743393,MF1LyjTYl,sunniton,2023-05-04 21:09:43,玻璃与光的碰撞是能产生化学反应的，这套艺术装置现场看真是神奇又绚丽梦幻 用华为P60 Pro的3.5x镜头拍了几张，直出效果确实也不错，基本能还原肉眼所见的震撼 景德镇·陶溪川翻砂美术馆 ,1,1,2
13,4897742608144368,MF0JmyaIM,日本姬路观光局,2023-05-04 18:31:36,+ 寺庙内的展览？✨TEAMLAB x 圆教寺 装置艺术展|认知上的存在✨ +  近年来，关于生命和存在的议题，经常会引起热烈的讨论。🤔生命是什么？存在又有什么意义呢？这也是装置艺术团队TEAMLAB制作装置设计的时候重点考虑的命题。 这次装置艺术的主要理念是，使光不以物质形式存在，而是通过环境和认知的 ...全文,1,0,18
13,4897694272981745,MEZtpcvGF,投资北京InvestBeijing,2023-05-04 15:19:32,【再登央视！怀柔这个“国之重器”建成后将产生地球上“最亮的光”】五一期间，怀柔科学城再登央视新闻频道。一起来看看怀柔科学城大科学装置的最新进展！再登央视！怀柔这个“国之重器”建成后将产生地球上“最亮的光” ,0,0,0
13,4897655093992024,MEYsdgKvu,恬西淡,2023-05-04 12:43:51,第三章 意外第话题 善良凶残天使：善恶有报，多做善事，不应杀生，即不应该杀死生物，而应该吃非生物，也就是吃石头，或在身体上诸如吸收和转换太阳能的装置。恶魔：物竞天择、适者生存、弱肉强食、优胜劣汰、自然法则……在哪里都是适用的，如若真你所愿，世界上的物种早就全部饿死了光，出现差距的另 ...全文,0,0,0
13,4897644546098946,MEYbcpAC6,杭州城市号,2023-05-04 12:01:56,日咖夜酒，这真的是眼镜店？节前城市君受邀参加了大光明新店启幕仪式不禁发出如此疑问，入场可见充满科技感与元素冲撞的艺术装置，炫酷十足的光条... 大光明突破传统，湖滨门店全新升级，打造集潮流眼镜、艺术装置、DIY手作、吃喝玩乐、日咖夜酒于一体的跨界休闲空间——大光明GBV&amp;PT未来空间，重新定 ...全文,0,0,0
13,4897595275085664,MEWTJll0Q,财联社APP,2023-05-04 08:46:09,【5月4日#股市避雷针#】近日A股拟减持规模较之前有所增多，安路科技股东国家集成电路产业投资基金拟减持公司不超2%股份，科泰电源大股东及一致行动人等拟合计减持不超3.5%股份；万泰生物、光云科技将迎来超五成以上解禁；国家统计局消息，4月份制造业PMI为49.2%；鲁西化工子公司双氧水装置发生爆炸着火 ...全文,5,0,23
13,4897091233514606,MEJMLeKjc,蟹蟹波,2023-05-02 23:23:15,光的诗 莫兰迪画展纯享版/ 百年无极那次小小看了两幅莫兰迪的画，感觉有种质朴的可爱。这次看了很多，还是轻快又钝钝的意大利乡村风光。喜欢。 布展水平登峰造极，展览主题选的很妙呈现的也很好，几组灯光打石膏静物的装置非常好看。动线舒服合理，互动感也很强，特意留了一些位置给览客拍照用，休息座 ...全文,0,4,5
14,4897028591585697,MEI9J6EvL,云云叨叨,2023-05-02 19:14:21,今天和小友去省城玩一天。木色逛吃，主打一个&quot;&quot;光吃！&quot;，碳水加甜点，进门吃离开前吃，逛只是个刷时间，撑坏了。接下来是美术馆，有书法展装置展绘画展还有封面设计展，主打一个不放过吧，结果就是，累坏了。虽然但是，行程还是紧凑且丰富，我俩都满意，下次这样的活动，还想参加。 ,0,2,2
14,4897026300972077,MEI6244SF,直播南京官方版,2023-05-02 19:05:15,【劳动者之光丨全国劳模刘春林：深耕35年，从门外汉到技术“大拿”】近日，全国五一劳动奖章获得者名单正式公布，扬子石化热电厂锅炉装置运行班长、首席技师刘春林获此殊荣，今天就让我们走近这位深耕锅炉装置运行35年的全国劳模。（南京广电·牛咔视频记者：李军军 刘传旺 通讯员：曹广耀 黄仪乐）  ...全文,0,0,0
14,4896877491522424,MEEe16o3e,冰曦微语,2023-05-02 09:13:56,【上海书评：李思逸｜车厢邂逅：火车上的浪漫与犯罪】火车不再是故事可有可无的背景舞台，而是生产叙事、决定其发展走向的装置；它不需要去援引其他理由，光凭自身就能为叙事赋予合法性。当车厢邂逅的经验成为文本叙事的主题时，决定故事始末、情节走向的除了铁路时刻表、行车线路、移动和速度，还有车 ...全文,3,1,7
14,4896641066995396,MEy4GtlOY,今天玖玖喝奶茶了吗,2023-05-01 17:34:28,在黄金国的伊拉里面的光非常有意思，比正作更傲娇了就是动不动就开装置来攻击敌人，被其他异刃说单细胞生物，做饭也是非常的难吃，它甚至有一个小支线专门让光做饭那个NPC吃的说:“哇，真难吃，和妈妈做的一样。”光表情在黄金国的伊拉里面显得更屑了。（更喜欢了）  现在的光是没有成长的状态，黄金国 ...全文,0,0,0
14,4896529465215298,MEvaGlSJI,美术生都关注,2023-05-01 10:11:00,艺术家felipe pantone的装置作品，是光与色彩的魔法  #遇见艺术# cr：宝藏创意的微博视频 ,62,3,215
14,4896546829636366,MEvCGEqRg,美创数字站C位的小美,2023-05-01 11:20:00,#mgc创意集#   全体验环绕投影作品，在彰显艺术家个人风格的同时，配合多种音乐类型，不断将光的能量注入空间，让观众体验到电影放映般的韵律画面，多维的视觉和声音元素合力搭建起一座极酷的新媒体视听太空舱。  #遇见艺术# #设计# 装置艺术 #超能新星汇# #新星v计划# 美创数字站C位的小美的微博视频 ,0,0,0
14,4896262647717364,MEoekwnDC,天狼50陈浩,2023-04-30 16:30:46,在这个装置里，我的师侄们让一束高能电子和一束激光碰撞，从而获得另一种电磁波。另一个小组尝试制造太赫兹电磁波。去年的成果是获得了3nm同步辐射极紫外光，当然，都是实验室成果，属于基础研究。 ,44,45,295
14,4896310731740175,MEptT7iHl,---洪川,2023-04-30 19:41:50,这个是制作国产3纳米芯片的极紫外光装置! ,0,0,0
14,4896187242774620,MEmgIbDNW,科技北京,2023-04-30 11:31:07,【高能同步辐射光源主体工程初具规模 建成后将产生地球上“最亮的光”】#北京国际科技创新中心# 大科学装置，指的是国家重大科技基础设施，是我国实现诸多重大科技成果突破和建设科技强国的“利器”。五一期间，我国不少大科学装置仍在施工中，科学家和建设者加班加点，保障工程顺利进行。今天，让我们 ...全文,0,0,0
14,4896119215620456,MEkuZnA8w,西南科大材料宣传一家亲,2023-04-30 07:00:49,#迎一抹朝阳#        厉害了！这个工程建成后将产生地球上“最亮的光。        大科学装置，指的是国家重大科技基础设施，是我国实现诸多重大科技成果突破和建设科技强国的“利器”。比如大家熟悉的射电望远镜——中国天眼FAST。五一期间，我国不少大科学装置仍在施工中，科学家和建设者加班加点，保障 ...全文,0,0,0
15,4896006917592115,MEhzRvR3t,上海虹口,2023-04-29 23:34:35,【光～球～发射！风靡全球的“魔法对决”就在北外滩国客中心～】继裸眼3D巨型手机装置之后，北外滩国客中心又有一项惊艳的“黑科技”项目来了~一起发射能量光球，来一场酣畅淋漓的“魔法”运动会吧！近日，HADO快闪运动场登陆北外滩国客中心！五月节假日10:00—22:00即可前往体验～ ,0,0,0
15,4895932305119168,MEfDwltJe,珠海浩轩,2023-04-29 18:38:06,"芙清祛痘凝胶  ,敷尔佳敷料,绽妍小水库祛痘黑面膜,孩子的玩具使卡文迪许受到启发。他在测量装置上也装上了一面小镜子，细丝受到另一个铅球的微小的引力，小镜子就会偏转一个很小的角度，小镜子反射的光就转动到一个相当大的距离。利用这个放大的距离，就能很精确地知道引力的大小。 ",0,3,0
15,4895878077219385,MEee3ui5H,Yummymm0327,2023-04-29 15:02:37,滝沢歌舞伎 4.29 昼 repo  这次是正面视角 回忆🖤一些细节～ 1. ひらりの桜时候meme那句唱完 打在他身上的光暗下来的时候 他鼓起了嘴巴感觉像给自己打气 2. 足迹的时候meme袖子挽上去了 能看清手上的青筋 明明很大一只但是趴在地上又很像奶团子 为了够到队友的手 又鼓嘴了哈哈 3. 腹肌太鼓在装置转动 ...全文,0,0,1
15,4895840705448994,MEdfMmRx0,安安安大小姐,2023-04-29 12:34:07,铜梁也有沐光森林🌳360度阳光苍穹 今天重庆铜梁吾悦广场428焕新开业啦！ 一进去就惊艳到我了 铜梁也能体验到城中心的空中花园✔️ 阳光可以360无死角洒进商场里 采光真的绝绝子！逛街心情都变好了！ 4楼中庭还有绝美的绿色森林🌳装置 拍照真的仿佛置身绿野仙踪！ 随手都能拍出林中仙女的感觉🧚 ...全文,0,0,1
15,4895821297882535,MEcKtx4BF,美创数字站C位的小美,2023-04-29 11:17:00,#mgc创意集#   整个项目由四个部分组成，将高达7米的大佛主体、座下的莲花、背景和地面都变成沉浸式投影的载体，把佛教故事、语义、元素结合到声光电的层面，8分钟的视觉演绎分成两个部分，既展示传统意义上的佛教经典，又将赛博朋克的元素来展示未来佛的可能性。  #遇见艺术# #设计# 装置艺术 ...全文,1,0,1
15,4895470000016034,ME3BS04aC,乐高中国,2023-04-28 12:01:04,还记得和玩伴重现星战剧情的快乐吗 星际对战🆚光剑闪耀✨ 现在神秘的银河系向你「开放」 乐高®星球大战™:绝地武士归来主题产品特展  现已登陆魔都📍  超多互动装置配合AR技术🎥  让你沉浸体验电影名场面，观展指南在此👇  活动时间：2023年4月27日至5月14日  活动地点：上海市静安区福建北路1 ...全文,21,4,29
15,4895582471063297,ME6xh4sBX,21世纪经济报道,2023-04-28 19:27:59,【想吃馒头，先种麦子：大科学装置如何助力深圳基础科研“弯道超车”？】#聚焦光明科学城论坛# “1970年以来，利用大科学装置获得诺贝尔奖的比例正越来越高。从1970年-1990年的40%，到1991年-2010年的48%，2010年以后高达57%，证明大科学装置已成为推动现代科技发展的重器。”  在4月27日举办的首届光 ...全文,0,0,1
15,4895198193391412,MDWxteegc,假面骑士中国官方微博,2023-04-27 18:01:00,#假面骑士超话# #假面骑士#  【新品上市】假面骑士光辉骑士 骑士之光，炫酷闪耀！ 空我、甲斗王、零一、利维英雄集结！ 按动腰间皮带装置，天呀！居然能发光！ 假面骑士中国官方微博的微博视频 ,15,17,89
15,4895537177037377,ME5mdtwK5,深圳市世纪清源环保,2023-04-28 16:28:00,洗车废水处理装置，如#世纪清源# 洗车水循环处理设备，采用光催化氧化处理原理。光催化氧化技术是上世纪70年代，近四十年发展起来的新技术、新方法；由于光触媒在紫外光的照射下，对有机污染物及不饱和的无机物具有极强的氧化作用。是市面上能长期、稳定达到《国家城市杂用水水质标准》的水循环系统处 ...全文,0,0,0
16,4895516083361556,ME4Oce6uE,光巢科技-灯光装置艺术服务,2023-04-28 15:04:11,艺术家们利用光的不同颜色、亮度、温度、光影效果、光的特殊物理等多重属性，融合灯光 、声音、情感、互动等多种元素的灯光艺术装置作品，打破了雕塑本身的束缚，在视觉上达到虚 幻的效果。它不仅可以让创作者们随心的表达艺术感悟，也给观看者带来多维的视觉享受，从此 灯光艺术装置成为一种备受瞩目 ...全文,0,1,1
16,4895179880268602,MDW3W17Si,APPortfolio,2023-04-27 16:48:14,明天「下田光艺术星球之旅」签发会即将登陆澳门！不容错过！ 来澳门探索幻想与现实的无限可能！  下田光的作品通过笔触、文字和拼贴画，揭示了当代社会的问题和斗争，本次活动中展示了艺术家多幅充满想象力和感性表达的作品，包括巨型雕塑、平面作品和装置等多种艺术形式，旨在引起观众对于当代社会和 ...全文,0,0,1
16,4893615870708297,MDhnl2Yg9,知识匠,2023-04-23 09:13:25,艺术家Claudia Bueno使用光和多层玻璃创作出炫丽的艺术装置 知识匠的微博视频 ,6052,153,5784
16,4895136494127591,MDUVXhjM3,YAHWECH,2023-04-27 13:55:50,“挡”（dǎng）的一个义项是排挡的简称，即汽车、拖拉机等用来改变牵引力的装置，用于改变行车速度或倒车；也用来表示某些仪器和测量装置的光、电、热等量的等级。可以说，凡是涉及机械运转速度大小的，都用“挡”。电风扇一般都设有几个调速挡次，挡号不同，风力大小就不一样。一般是低挡的风力小， ...全文,0,0,0
16,4895107608480339,MDUbmzA7F,幸运星人_01,2023-04-27 12:01:03,"#光遇夜行季#  @光遇手游  晚夜,漫步在都市的大街小巷。略显冷清的街道上,点点霓虹招标着店铺,偶尔有一两个行人匆匆而过。   这时,一道强光突然闪过,照亮了整条街。我顺着光线投射的方向回首,却见不到任何灯光或光源。  原来,那道光线来自一个巨大的球形装置。它由无数小光点组成,在黑夜中发出明亮的白 ...全文",0,0,0
16,4895103782751596,MDU5cbxOA,南昌武商MALL,2023-04-27 11:45:51,[  开业剧透[举手] | 光影盛宴  ]  光与影结合的全新艺术装置  以光构建浪潮 让内部空间与海水相呼应  将艺术和生活结合 截取刹那自然之美  带着绵绵遐想 潜入全新视觉盛宴打卡吧   #致敬南昌 连接国际##南昌武商 MALL##视觉艺术盛宴# 南昌·南昌武商MALL ,2,10,10
16,4894808814389986,MDMpriq2e,Cc主义,2023-04-26 16:13:45,📓  用硼砂凝结「书」的岁月  艺术家亚历克西斯·阿诺德（Alexis Arnold）其雕塑、装置和混合媒体 2D 艺术作品探索了对光、空间和颜色、地质学以及时间可视化的主观感知和体验。「结晶书」系列将《哈利·波特》《杀死一只知更鸟》《大班》等书籍的物质性与其文字或内容进行对比。水晶去除了文字，将书 ...全文,124,4,321
16,4894891228006865,MDOymxAWZ,奎澤石頭石計生,2023-04-26 21:41:14,［鈴芽之旅］門開著窗閉合著，光加深它的輪廓。動畫電影《鈴芽之旅》在天母上映的最後一埸，讓我們看到現代電影自動精神裝置的展現。通過一扇門的開關，看到生命的無常與日常。 ,0,0,2
16,4894884877567120,MDOo7vKyk,电气技术杂志社,2023-04-26 21:16:00,#电气技术#【南瑞继保电气公司技术团队提出新一代分布式母线保护装置】南京南瑞继保电气有限公司的研究人员王风光、李力、吕航、杨贵、代家强，在《电气技术》上撰文表示，新一代分布式母线保护装置采用组网通信方式，减少了主机光口数量，降低了装置功耗，具备冗余通信能力，提高了装置稳定性及可靠性 ...全文,0,0,2
16,4894677013102750,MDIYRd1am,中科院之声,2023-04-26 07:30:00,#科学史#1989年4月26日凌晨，中国第一个专用同步辐射装置正式建成并调试出光。从第一次向储存环注入电子束流到获得储存束流，产生很强的同步辐射光，仅用了23小时。这是继北京正负电子对撞机之后，中国高科技领域的又一重大成就。该同步辐射装置位于中国科大国家同步辐射实验室。#早安# ,8,2,16
17,4894475569072013,MDDJWC42N,奥特曼中国官方微博,2023-04-25 18:09:33,【国内新品消息】万代#布莱泽奥特曼# 系列新品情报公开！  DX布莱泽手镯（见图1） 左手装置DX布莱泽手镯，联动布莱泽辉石，发动LED7色光，变身成为布莱泽奥特曼！ 中国大陆发售版本相比日本内地发售版本拥有更大包装尺寸！更丰富产品内容！马上为您揭晓玩具惊喜！ 预计发售时间：7月 建议零售价 ...全文,48,30,204
17,4894720918033372,MDK7FxHQw,阿冬聊仿生,2023-04-26 10:24:29,蓝藻：光解水的装置： 模拟蓝藻不完全的光合器，会设计一个仿生的光解水的装置，这样可以获得大量的氢气。 #仿生设计##科普大作战##科技# ,0,1,0
17,4894459341046274,MDDjM4obo,SiSi摆摆泥马嗨,2023-04-25 17:05:03,光装置//@M大王叫我来巡山:哇塞…成品太绚丽了。好仙//@颜文字君:太美了(✧∇✧)//@自种天然:梦幻玻璃//@在下翩竹:太美了！//@楚惜刀:光影仙境//@Weid://@黑暗王朝://@-罐儿-:哇//@重工组长于彦舒:哇//@机械科技:,0,0,0
17,4894450906039701,MDD6aplcx,周末画报STYLE,2023-04-25 16:31:33,日本当代艺术家下田光HIKARI SHIMODA的全新系列“CHILDREN OF THIS PLANET”，于4月24日起，登陆上海张园Artelli全球首发，开启下田光艺术星球之旅，并分别将于澳门新濠天地及台北信义A13共同呈现。在本次下田光艺术星球之旅中，展出多幅充满想像力和感性表达的作品，包括以巨型雕塑、平面作品和装置等 ...全文,0,0,2
17,4894118680206198,MDusk0RDM,APPortfolio,2023-04-24 18:31:24,APPortfolio&amp;下田光全新限量雕塑陪你过五一！  🌍上海张园作爲“Children of this Planet”下田光艺术星球之旅的首站，粉丝们可见证艺术家首个2米大型气球艺术装置，以及一系列限量艺术品于4月24日起全球首发，包括全球限量20樽1.6米雕塑，每款仅此一樽的独立配色 以及艺术家联合APPortfolio首次推出 ...全文,0,0,3
17,4894105774069711,MDu7vh4Iv,国网山东电力,2023-04-24 17:40:07,【检修变电站 保障可靠供电】4月24日，@国网东明县供电公司 组织人员在110千伏燕城变电站开展35千伏燕玉线开关保护装置传动、光差联调试验工作，及时消除存在的安全隐患，保障站内设备可靠运行。 ,500,0,107
17,4894025641887997,MDs2g7V9z,啥都不如睡大觉,2023-04-24 12:21:42,#拖延北北课# 光 玻璃 装置艺术,0,0,0
17,4894007094674001,MDryljBV7,布林客BLINK,2023-04-24 11:08:00,Lucio Fontana（卢西奥·方塔纳） 、 1899 - 1968 阿根廷著名艺术家 🌟 「灯光装置，如同在空间中留下光的痕迹」 🌝 ,2,1,9
17,4894005656290292,MDrw1qook,你的毛毛掉了,2023-04-24 11:02:17,2023.4.23 《爱•AI》 回家了，好久没有回到我的快乐老家！ 感谢朱丽姐姐！（姐姐说就觉得这个戏适合我看哈哈哈） 这部戏喜欢的：开场将近5分钟的声光电装置艺术show&amp;游游的肌肉（嘶哈嘶哈）&amp;非常漂亮的舞台 ,0,2,1
17,4893717121206947,MDk0E53YT,光明小董,2023-04-23 15:55:45,#深圳楼市#  光明区国土空间规划，主题是科学之光、明日之城。建设为一流科学城和深圳重要的区域性功能中心，打造一心两区，一环双廊的总体空间格局，优化用地结构，加大居住用地工业，完善文化、教育、医疗、等公共设施，发展环大科学装置产业带和先进制造业聚集区。建立两个枢纽性轨道交通站光明城站 ...全文,1,17,30
18,4893697050937854,MDjuh3VYG,星耀重庆,2023-04-23 14:36:00,以「山城有光，巷阳花开」为主题的山城巷创意生活节昨日正式揭幕，同期亮相的还包括于在场空间举办的「山城有光——毛卯创作个展」。创意生活节期间，山城巷将举办一系列以大众艺术、人文生活为出发点的活动，涉及艺术装置展、创意市集、舞台剧、电子音乐派对等形式。 ,0,3,30
18,4893730848380400,MDkmMza7K,APPortfolio,2023-04-23 16:50:18,Artox旗下艺术平台APPortfolio 携手多维体验品牌艺术空间 Artelli 、日本知名当代艺术家下田光呈献【Children of this Planet下田光艺术星球之旅POP UP STORE】全球首发！  🌍上海张园作爲“Children of this Planet”下田光艺术星球之旅的首站，粉丝们可见证艺术家首个2米大型气球艺术装置，以及一 ...全文,0,0,2
18,4893474334183952,MDdH3hyr6,ManiacFion,2023-04-22 23:51:00,搞艺术装置使我上头👩🏻🎨  🧜🏻♀️光是花絮就让人充满幸福感 期待成片！ ,0,0,0
18,4893447762221871,MDd0c9k0D,呀木凳子,2023-04-22 22:05:25,迟到的雨生百谷 #日脚#  水养万物 光落人间 #展览馆里有什么#  装置艺术多少有点适合练想象力 ,0,0,0
18,4893325666294187,MD9Pgqpp9,李昱颉liyujie曾用名李宇光,2023-04-22 14:00:15,对平原类城市，可以用3d打印，构造仿山体形大型建筑，可以单间构建，像垒积木的方式逐渐增大体积，这样可以边销售边构建，不影响城市运营，建筑外层同样可以种植粮食作物或水果蔬菜，内部同样可以使用日光导光管，自发光材料，红外日光等储能装置。    这样的建筑不怕地震和火灾。 ,0,0,0
18,4893277398240686,MD8zpyzMi,苏州新利通仪器仪表,2023-04-22 10:48:27,国产仪器  6583A光伏电池伏安特性测试系统  #光伏仪器##仪器仪表##国产#        6583A光伏电池伏安特性测试系统包含光伏电池片测试用稳态太阳光模拟器及伏安特性测试装置，能够提供用户满足AM1.5G光谱要求的模拟太阳光照，在室内进行光伏电池的电性能全面测试。太阳光模拟器提供可选光阀，提供光照时间 ...全文,0,0,0
18,4893263444312484,MD8cUi5Sc,九枞溪,2023-04-22 09:53:00,Preciosa Lighting以 &quot;移动沙龙 &quot;装置体现光的韵律 ,2,0,3
18,4893244545303514,MD7IqmfGy,jzl金子,2023-04-22 08:37:54,在主动安全方面，全新红旗H5搭载盲区监测、后碰撞预警、AEB自动紧急制动等11项主动安全装置。其中，同级首搭的ADB智控大灯，能够随行转向及实现远近光智能切换，保证夜间行驶及会车场景安全。在被动安全方面，全新红旗H5整车高强钢、超高强钢运用比例68%、高于同级最优5%以上，铸就更加坚固的安全空间 ...全文,0,0,0
18,4893211363902669,MD6QUgngh,北雅图,2023-04-22 06:26:03,"世界著名的科学发现和技术发明（30）望远镜 望远镜，是收集远处目标发出的可见光等电磁波并得到放大图像的装置。17世纪初，荷兰眼镜店主科比斯赫在检查磨制出来的透镜质量,把一块凸透镜和一块凹镜排成一条线,无意中发现了望远镜放大原理，1608年他制造了世界上第一架光学望远镜。意大利物理学家伽利略 ...全文",0,0,0
18,4893092060332363,MD3Ku1osH,猫爷爷的美食地图,2023-04-21 22:31:58,重庆看展|沉浸式体验科技与艺术之光！ 工作之余喜欢看展👀 尤其喜欢这种充满艺术🍬科技感的展览 🔥“演进之光” 布置得很高级，🌸连楼梯都能拍出大片 总共有三个主题 ✔︎光与空间 ✔︎光的语言 ✔︎光之幻彩 展馆好几层楼，可以慢慢逛🕰️ 还有互动装置💋，超有趣 展览门票🎫：0💰 观 ...全文,0,0,0
19,4893013094960862,MD1H7kOxU,潘世懋1992,2023-04-21 17:18:12,星火英语2023英语四级真题试卷，12.8    星火英语2023英语六级真题试卷，12.8   华研外语孩子的玩具使卡文迪许受到启发。他在测量装置上也装上了一面小镜子，细丝受到另一个铅球的微小的引力，小镜子就会偏转一个很小的角度，小镜子反射的光就转动到一个相当大的距离。利用这个放大的距离，就能很精确 ...全文,0,1,0
19,4892984560586054,MD0X62ssu,SNKR马尼亚,2023-04-21 15:24:49,日本当代艺术家下田光HIKARI SHIMODA的全新系列“CHILDREN OF THIS PLANET”将登陆多地进行线下展览。在本次下田光艺术星球之旅中，将展出多幅充满想像力和感性表达的作品，包括以巨型雕塑、平面作品和装置等多种艺术形式，旨在引起观众对于当代社会和人类命运的思考和关注。  上海张园作为“CHILDREN  ...全文,0,0,1
19,4892647326220636,MCSbaq6gQ,晓峰音乐公社,2023-04-20 17:04:45,2023楠溪江星巢秘境音乐节第一天4月15日视频回顾💥万人烟花现场+独家舞美装置+三大舞台+声光电爆炸式&amp;沉浸式体验！  #ulike天猫超品日# ·#楠溪江rocktown# ·#星巢秘境音乐节#4.15完整阵容∶  许嵩@许嵩 、毛不易@毛不易 、郭采洁&amp;Nomad City@郭采洁 &amp;@NomadCity 、棱镜@棱镜乐队 、夏日入侵企画 ...全文,99,144,2397
19,4892868843667836,MCXWsfoaE,鹤屋通贩,2023-04-21 07:45:00,今天份的女神装置改装品转载自kn1 @modeler_kn1  エクスキューショナー ブライド完成。究極レインボーとテラクロームの練習用に塗ってみた。究極レインボーは波長の広い光じゃないと発色が悪いので晴れた日を狙って撮影してみた。 ,2,0,16
19,4892784265527374,MCVK2nbVc,响和风醇韵,2023-04-21 02:08:54,出生作为与一体化分离的事件，被婴儿体验为一种创伤，于是开启投射认同机制，将不愉快（痛苦）分裂出去并置于外部客体。  去掌控“某物”而非被掌控的“光”，对比昂来说则是精神装置“消化”碎片化的β元素的过程。  人的思考可能始于创伤或探索，一次分离、一个暴力场景，或突然意识到时间的单调乏味 ...全文,0,0,0
19,4892612299331107,MCRgFD9rJ,梦谭Gallery,2023-04-20 14:45:35,🕊️ New arrival  曾麒 照明雕塑装置  「林中细语」  光 - Light -  雕塑 w27.3 × d17 × h27.5 cm 线长 235 cm  黑胡桃木  梧桐木  椴木 箱付  @做雕塑那个曾麒 深圳·梦谭Gallery ,0,0,0
19,4892601612240401,MCQZr9oPv,梦谭Gallery,2023-04-20 14:03:07,🌇 New arrival  曾麒 照明雕塑装置  「海街的傍晚」  光 - Light -  雕塑 w22 × d8 × h22.6 cm 线长 222 cm  椴木  松木 丙烯设色  箱付  @做雕塑那个曾麒 深圳·梦谭Gallery ,0,0,0
19,4892599867673328,MCQWCwcbm,王火乐,2023-04-20 13:56:11,五一不是被某人拉着要回重庆嘛，最担心的就是我那一屋顶的植物，这些天了都心事重重，最近都在研究自动灌溉的事，疯狂买耗材，关键光买耗材没用，还得自己动手裁剪安装，还要有水管，然后又在研究加压泵，太阳能自动灌溉装置，蓄水桶，然后周末还要找人来装水管还不知道能不能行，天天忙工作忙花生作业 ...全文,0,0,0
19,4892230211081143,MCHkp4xfN,梦谭Gallery,2023-04-19 13:27:18,💡一个小预告  曾麒「光」系列新作，已抵达梦谭。  这是曾麒继「宇宙」系列之后的「光」系列——第二个跨越全年的合作，全年会有12件照明雕塑装置，敬请关注。  @做雕塑那个曾麒 深圳·梦谭Gallery ,0,0,4
19,4891993026861451,MCB9QsMYz,北粤秀士,2023-04-18 21:44:49,#我国可控核聚变装置运行刷新纪录##星舰##马斯克#  马斯克的星舰是“人类之光”吗？毫无疑问，当然是。但这也只是“人类之光”之一，更别说这束光有多亮，照向哪里都还是未知。 相比星舰首飞闹的沸反盈天，同一时间，另一束更亮的“人类之光”，另一项更伟大、更重要、更开创新纪元的技术——可控核聚 ...全文,0,0,2
20,4891991487548179,MCB7mvFCP,设计师Aaron王伟,2023-04-18 21:38:42,在欧洲灯光照明展看“光之城”  #Aaron视界#  今天是米兰国际家具展开展的第一天，终于在疫情过后迎来了再次见面，今年欧洲灯光照明展回归，主题叫做“光之城”。  The City of Lights“光之城”是从科学的角度设计和协调了一个多元、多中心和多学科的空间，它将在一系列活动、展览和装置中发挥作用， ...全文,0,0,3
20,4891868599419503,MCxV9Dwrt,沥青篮球冷却漏气,2023-04-18 13:30:23,打开我的日程本 日历停留在3月份 日计划停留在第四周 待办事项还是光装置、大创和背单词 ,0,0,1
20,4891568207040591,MCq6EtxzV,全球文娱网,2023-04-17 17:36:44,兰州打卡新去处，《梦境》大型雕塑户外艺术装置全国首展来兰州万象城啦，一个新的潮流时尚的打卡圣地、新生代青年城市艺术区，艺术展现场精致的雕塑融合红蓝色碰撞，以超多灵动可爱的孩童雕塑吸引超多游客驻足打卡合影，@乐处空间&amp;携手艺术家张一鸣 撷梦而生，从艺术角度出发，为观众编织出一场光怪陆 ...全文,32,32,31
20,4890936280093217,MC9Fq0ofv,宝藏创意,2023-04-15 23:45:41,#这就是被美晕了的感觉吗#  艺术家felipe pantone的装置作品，是光与色彩的魔法  #4月奇趣季##人间四月天# 宝藏创意的微博视频 ,933,250,2066
20,4891290392596487,MCiSzaTsP,雪梨梨不梨,2023-04-16 23:12:48,魔都看展|逐光之旅 沉浸在花花的世界里💐  这是一场不容错过的自然秘境 一进门的就感受到满满的能量感 金色系的布景和灯光装置怎么拍都好看 现场的小哥也很nice讲解 趁着最近的好天气，约上伙伴一起玩吧 · 💐Fresh馥蕾诗 【黄金双酵限时展】4.15-16 陕西北路278号金鹰1楼 #fresh##魔都看展#  ...全文,0,2,219
20,4891286320973843,MCiM045l9,YYYYYYangggg,2023-04-16 22:56:37,很喜欢用光做的装置 ,0,0,0
20,4891238618108875,MChx3y1uj,啊想吃西瓜冰,2023-04-16 19:47:04,🎫虚无的十字架 感谢朋友抽中奖带我飞 虽然没读过东野圭吾的小说 但这部真的超出预期的精彩啦 喜欢这种故事本身就比较好的剧！ 舞台装置精简克制 但通过精准打光很好展现了画面和气氛 现在已经对白夜行❄️充满了期待 ,0,0,6
20,4891213403258969,MCgSodFO1,散兵迈外敷,2023-04-16 18:06:51,原神夜叉之愿里那个，打水深渊法师和丘丘人的那个有风罩的珍贵宝箱那个任务点。我那里只有怪，既没有宝箱又没有那个导光装置。怪打完了也什么都没有。有人遇到过这种情况吗？重启游戏也不好使，怎么解决呢？ ,0,0,3
20,4890836862764750,MC754bBeK,港台诗歌bot,2023-04-15 17:10:38,【琢磨心地，做為最後地辨識】 &lt;一起移動&gt; 湖南蟲  搭上列車，我們以不動的姿態 一起移動。在銀色金屬盒子裏 我們如彈珠靜置 核心有各色瑰麗顏料，鮮甜 但極樂時有毒，能滾出不同的光—— 我們像冬眠的蛇不動 偶爾因為神的翻身而互相觸碰  第一節車廂有卡通彩繪 藍天破了一個洞，裝置緊急求救鈴 白雲灰 ...全文,0,0,0
21,4890558432805168,MBZPZbLKE,雾岛与鲸,2023-04-14 22:44:14,这个新奥特曼看的我惊呆了 人类能够和贝塔装置融合有 成为高级生物兵器的潜质 然后被光之星发现了可以威胁他们 然后让佐菲带着芝顿来毁灭人类毁灭太阳系 看完下来 他喵的我一脸懵逼 我他喵还花钱买的正版授权看 奥特曼 ,0,2,0
21,4890496671682579,MBYen73In,日向更,2023-04-14 18:38:50,很多人不敢说实话，香港故宫博物馆挺难看的，最好看的展厅是卡地亚珠宝展和一个装置艺术的厅。光看策展确实很好，交互也很好，但回归到文物本身的话，我估计没有一件能放进故宫珍宝馆。当然论好东西的程度，都不如台北那个。 ,2,5,44
21,4889731349087198,MBEjYC7ZI,阿橙了了了了,2023-04-12 15:57:43,装置艺术作品-暗十字架山  总长度5米左右 纵深3米左右 十字架最高为3米 背景红月直径2.4米   P158人台高度约为1.6米   P1-6为背后闪光灯打红月效果 P78为影视灯夹缝光效果  存在日期4.12-6.1（根据预约情况可能适当延期或变色）  即日起可预，私即可  价300/h 2h起租  坐标广州番禺南浦东乡  置景存在 ...全文,48,12,97
21,4890460173373385,MBXhve9zr,用户7188557319ls,2023-04-14 16:13:48,#西元综合布线实训室#  福建省连江职业中专学校综合布线实训室竣工。 该实训室主要设备如下： 1.西元网络配线实训装置（型号：KYPXZ-01-52）； 2.西元IT工程技术实训平台（型号：KYSYZ-06-04）； 3.西元全光网配线端接实训装置（型号：KYPXZ-02-06）； 4.西元计算机装调与维修技能鉴定装置（型号：KYJZ ...全文,0,0,0
21,4889992683326055,MBL7udXg3,科学未来人,2023-04-13 09:16:10,#中国人造太阳实现重大突破#确实是重大的进展。可控核聚变路线有两条：磁约束和惯性约束。我们的“人造太阳”走磁约束技术路线，建“托卡马克”大型装置，然后追求超高温度下尽可能长的运行时间。  前年底已经破了一个世界记录，即EAST装置在7000万摄氏度下稳定运行1056秒、1.2亿摄氏度下运行101秒。 ...全文,16,29,119
21,4890164784272194,MBPB4hVom,依然Toujours,2023-04-13 20:40:02,上个月来到快乐老家三亚旅行，除了度假放松，还参加了 #TOMFORDBEAUTY# 亚太区旅游零售举办的奢光粉底大师课，亲身体验了奢光粉底系列产品，一场奢光之旅即将开始。   走过动态感应墙，墙面的艺术装置跟随我的脚步变幻，如同奢光粉底液为面部轮廓营造无限魅力；穿过欲感流转的奢光隧道，便是今天的重头 ...全文,104,314,1451
21,4890092281792269,MBNI87wfz,AdamPerez_汪爱东,2023-04-13 15:51:56,【info】音乐人原摩利彦与摄影师津田直共同合作发行黑胶盘与原创明信片套组「Stella - Music for Writing Letters」。这件作品是根据他们两人在被认为是北极星崇拜圣地的「能勢妙見山」举办的艺术节上创作的装置作品「7 + 1 / 舞い降りてくる星辰、光を放つ」为起点而制作的，在这个散布着声音、照片和 ...全文,0,0,0
21,4889792322734392,MBFUkbtl6,在伦敦读艺术,2023-04-12 20:00:00,#灵感的诞生#   垃圾与光影  一堆看似随意堆砌的垃圾，从特定的角度打光，它们的影子就会幻化成清晰明确的光影肖像，这就是蒂姆·诺贝尔（Tim Noble）和苏·韦伯斯特（Sue Webster）的错视装置艺术。  #伦敦艺术大学# ,7,1,24
22,4889837603915588,MBH5mgqCE,天方夜谭_丝路,2023-04-12 22:59:56,激光器是激光的发生装置，三大功能部件分别为：泵浦源、增益介质、谐振腔。泵浦源为激光器提供光源，增益介质（也称为工作物质）吸收泵浦源提供的能量后将光放大，谐振腔为泵浦光源与增益介质之间的回路，振腔振荡选模输出激光。  泵浦源作为能量源，作用是产生光子对增益介质进行激励。泵浦源发出的光 ...全文,5,1,23
22,4889744355623710,MBEEXnAZ0,慈溪日报,2023-04-12 16:49:24,【光一个公厕就能节水90吨/月！东山社区给公厕安装定时自动冲水装置】“现在有了新的冲水装置，比之前干净多了。”近日，浒山街道东山社区居民胡大爷对公厕安装的新的冲水装置点赞道。他表示，之前的冲水器由于多年使用已经锈死，不能集中冲水，产生长流水且无冲力，厕所也存在异味、不卫生，现在这个 ...全文,0,0,0
22,4889308722628356,MBtkkb1KQ,fibre_Shanghai,2023-04-11 11:58:21,光与自然的故事｜Bruce Munro  🇬🇧英国艺术家Bruce Munro以其身临其境的大型灯光装置而闻名，其灵感主要来自对共享人类经验的兴趣。Munro喜欢随时随地记录发生在身边的事情，通过这种方式，他捕获了自己对音乐，文学，科学以及周围世界等刺激的反应并将这些作为参考、思考和主题。 - 01 Time and  ...全文,0,0,1
22,4889293674250701,MBsW3hPNH,金蝴蝶奖,2023-04-11 10:58:32,#国外设计案例##设计美学# 。位于阿联酋迪拜的迈丹千禧庄园内的K别墅，从材料选择到家具设计，该项目的重点是自然作为关键角色，将天然材料融入家具、房屋技术区域和停车场的设计元素中。独特的悬挂式照明装置漂浮在双层高的接待处，提供雕塑般的环境光。通往二楼的楼梯通过所用大理石的断裂、饰面风格 ...全文,0,0,0
22,4889293347097558,MBsVwtMoK,光星健康,2023-04-11 10:57:15,#春季减肥进行时#   管住嘴，迈开腿，坚持运动，收货健康 ##光星按摩椅G2100# 内置的2D合金机械装置+3D智能光敏体型检测，一键启动，让您简单操控就能享受按摩。内置了4套不同预设的按摩程序以及4种手动按摩手法，满足大部分人的按摩需求。不论您是运动过后的疲劳，还是长期久坐办公室带来的颈 ...全文,0,0,0
22,4888990828990656,MBl3ABISA,合肥文化旅游发布,2023-04-10 14:55:09,#相约安徽·向春而行# 感受“文里文气”的合肥，攻略来了！地铁直达！ 安徽创新馆集中展示了安徽近年来上千件有代表性的创新成果，覆盖人工智能、高端装备制造和绿色食品等新兴产业。在这里，处处充满科技感与现代感，全超导托卡马克、稳态强磁场等大型艺术装置模型让人震撼；穿梭于量子隧道，声、光、 ...全文,0,0,1
22,4888947103369457,MBjV4e8y5,心稳致远的研投记录,2023-04-10 12:01:24,【光伏组件结构图】 根据不同功能，可以将光伏组件的结构分为核心部件、电气连接装置、封装材料、封装辅材四个部分。 1）核心部件——电池片。电池片是通过将硅片加工处理得到的可以将太阳的光能转化为电能的半导体薄片，决定了光伏系统的发电能力，原理是光生伏特效应和PN结 2）电气连接装置——焊带 ...全文,1,1,0
22,4888930446738398,MBjucsgXQ,安龙县交警大队,2023-04-10 10:55:13,疲劳驾驶会导致判断力下降、反应迟钝，加大操作失误风险。交警提示，长距离驾驶请合理安排好行车计划和休息时间，确保睡眠充分，连续驾驶不超过4小时，停车休息不少于20分钟。 交警提示，夜间驾车出行时，应提前检查并确认灯光装置良好，正确使用灯光信号，特别注意会车时应及时切换成近光灯。 ...全文,0,0,0
22,4888925329691521,MBjlWEFcR,西安特普讯,2023-04-10 10:34:53,氙灯光源系统分为点光源和平行光光源，是利用氙灯光源为发光核心，配合专业的散热系统及稳定电源及触发装置点亮并运行氙灯光源的实验设备。#氙灯光源##化学实验# ,0,0,1
22,4888924100759897,MBjjY3bGp,优雅GRACE杂志,2023-04-10 10:30:00,韩国 首尔 微光之境   艺术家Lee Jeong Lok从小就沉迷于大自然，并一直相信这个世界上存在着很多肉眼无法看到的东西，而光是一种能在空气中绘画的绝佳媒介，Lee Jeong Lok便借助灯光装置和延时摄影，描绘出那些超出人类感官以外的图像。在其《彩蝶》系列作品中，光幻化成一只只灵动的蝴蝶，它们时而成 ...全文,0,0,0
23,4888705158351703,MBdCPz2ET,三秦青年,2023-04-09 20:00:00,【#神十五航天员在太空测了测皮肤#】神十五航天员乘组已出差130天，多个“首次”空间站科学实验项目成果丰硕。他们使用由我国自主研制的空间站双光子显微镜，获取了航天员皮肤表皮及真皮浅层的三维图像。运动方面，借助梦天实验舱的抗阻锻炼装置，航天员还可以进行划船、深蹲、硬拉等更多锻炼动 ...全文,1,0,2
23,4888556374331670,MB9KRiaRE,十三楽天,2023-04-09 10:08:47,好多来不及打卡的装置和美食，没有喝到日出特饮，没有吃到哈根达斯的火星特供和锤子大鸡腿……不过我真的要累死了，脚疼到想哭火子提醒带的小马扎救了我的下午场，晚场下半场实在嗨不动了，从1280区退到外场反而收获了昨晚的最美！阳光般黄橙橙的光笼罩全场，伴着“向阳而生”这 ...全文,0,0,0
23,4888318645636451,MB3zqnEiv,元宇宙互动专家,2023-04-08 18:24:08,🌟 全新高端创意签到互动装置 - 光绘签到 🌟  🎨 光绘签到互动装置是一种创新的签到方式，通过光绘技术实现实时光绘暖场互动。作为一款高端创意装置，光绘签到已经在全国范围内供应，并在多个大型活动中得到了成功应用。  💡 光绘涂鸦技术  光绘涂鸦是一种独特的创意技术，利用光源作为画笔， ...全文,0,0,0
23,4887910430541073,MASX12gKZ,Phoebe子子,2023-04-07 15:22:02,工作日记｜法式小花园的寻光之旅✨ #康康我的元气生活# #晒晒下班路上的风景##人间四月天#   工作之便上了鼓浪屿岛 坐落于鼓浪屿神秘的莫奈花园 经过门口时 一朵大黄色雏菊艺术装置便吸引了我🌼  慢下来，在这里触摸春天的阳光☀️ 此刻，我也身着一抹黄 好像光就落在了自己身上……  这里的百年老洋 ...全文,18,123,2133
23,4887975739000649,MAUElBLtL,木可02182,2023-04-07 19:41:33,"【顺德和美术馆】 艺纳百川·德容万物 安藤忠雄大师精品之作 富有艺术气息的欧式建筑 现代的艺术装置 &amp; 唯美的艺术殿堂  让您感受一场视觉盛宴、领略艺术魅力与熏陶 此刻参与人与光、光与建筑的互动 寻觅专属体验 去美术馆吧，提升自己的好奇心。 Immerse yourself in art,and cultivate curiosity. ...全文",0,0,1
23,4887833090724567,MAQWh32uz,YouTube精选字幕,2023-04-07 10:14:43,手机触屏的原理大致有两种：传感器原理和光定位原理。光定位原理：屏幕的相邻两边装有发光装置（大多为不可见光），与其相对的两边装有光接收装置，当触摸某一点时，两组光感装置会同事定位，给出一个坐标，并发送给处理器作相应的处理。#微博公开课# YouTube精选字幕的微博视频 ,2,0,6
23,4887803471332594,MAQav5AFs,龙岩交警,2023-04-07 08:17:01,【曝光台】新罗交警：不系安全带？曝光！！#文明守法 平安回家#  安全带=生命带 是汽车发生交通事故时 最基本、最重要的 保护装置 驾车出行时 请您第一时间做到 全程全员系好安全带 下面将部分驾驶员未系安全带进行 曝 光！【曝光台】新罗交警：不系安全带？曝光！！ ,0,0,0
23,4887585874251494,MAKvxhQ0u,藕淮王,2023-04-06 17:52:22,想做一个大概50*70厘米的灯光架上装置，光是想模型拆分打印的几个方案想了一天还都没拆开来 ,0,0,0
23,4887545734763170,MAJsNjZ7k,国网安徽电力,2023-04-06 15:12:52,#2023 皖电资讯##电亮皖美四月天#  【油光声光谱监测装置得到推广应用】  4月4日，国网安徽电科院自主研发的光声光谱技术科研成果在国网阜阳供电公司220千伏程集变推广应用。工作人员利用项目成果进行#2主变油中溶解气体状态监测和110千伏程蒙线714断路器气体成份检测。（张甜 徐霄筱） ,2086,506,1055
23,4887520891899090,MAIOJ7Y2u,且行且珍惜能中大奖就行,2023-04-06 13:34:09,#手动档还是手动挡##汽场全开#  当然是挡位正确。 挡表示某些测量装置和仪器的光、电、热等量的等级，”挡位“是用来表示变速器的传动比的，因此”挡位“正确。 这样看来还真是挡位，挂挡啊 ,0,28,27
24,4887479243506930,MAHJyeIjo,动点科技,2023-04-06 10:48:39,【Dymax 推出用于预灌装注射器和注射装置的 MD 1045-M 通用胶粘剂】#动点快讯# 快速光固化材料和设备制造商Dymax戴马斯近日推出胶粘剂新品1045-M，这是用于医疗器械组装的MD系列光固化材料中的新一代产品。产品用于粘合预灌装注射器、一次性医疗器械、自动注射器、笔式注射器和可穿戴注射器组装时的常 ...全文,0,0,0
24,4887196609809929,MAAnGFa0F,麻布十番高中表白墙,2023-04-05 16:05:34,636 “投稿”🌙的氧气设备被卷走了、🌟找到了🌙、🌙当时已经没有意识了、🌟给🌙在水中做了人工呼吸、🌙醒了、俩人手牵手一起慢慢打算上浮回去、俩人交替用一个氧气设备、🌟中途不想让大家卷入危险、想要放弃、没有结果🌙的氧气装置、🌟get到了她的意思、给他了最/后/的/星/光最中 ...全文,0,2,2
24,4886958528269704,MAubGyHkk,土豆公主的日记,2023-04-05 00:19:31,雨夜，落地窗近乎透明，打开墙角高脚灯的暖光，透过晕白色的灯罩搅匀一捧灯黄，雨夜染湿空气，固定好的灯光形状，像是被展出的抽象装置，整屋就此一盏灯亮，打开投影仪，却没有想看的电影，最后点开了网易云，连接上了音响，放着歌单最近循环的歌。 ,0,1,1
24,4886229198311636,MAbdlySeE,崽崽假甜,2023-04-03 00:01:25,懂我的人会懂 我不想多说 一直以来我都期待的是精神上的契合 像把光投向海面的灯塔 像向宇宙发射信号的装置 盼望着收到同频的回应 ,0,0,0
24,4885677709984983,MzWRQFTy7,野风传媒,2023-04-01 11:30:00,#发现诗人# ●惊喜  作者：暗光  有时候也会感觉到枯燥 满屋空气挤压着心跳 心跳又携着一股怪风 把肚子顶得鼓鼓  里面装置的都是时间冗长的演出 时间所站立的钟表是个厌烦的舞台  阳光、月光、一切能发亮的光 照着闪耀但不刺眼的梦魇 歪歪扭扭且又完整的影子紧贴地面 偷听着记忆说：  “自己将是时间最 ...全文,1,1,1
24,4885654356100701,MzWgbpB4p,名之成,2023-04-01 09:57:12,【量子隧穿有多快？新纪录：氢原子的电子隧穿0.00018飞秒瞬间完成】   研究人员使用了一种名为attoclock的光学计时装置 ，这是一种超短的偏振光脉冲，能够测量电子在阿托秒精度的运动，那就是可以精确到十亿分之一秒的十亿分之一，1阿托秒等于千分之一飞秒。研究人员报告说，他们的attoclock以每秒1000 ...全文,0,0,0
24,4885274591758137,MzMnF7nn3,铭指点金,2023-03-31 08:48:09,4、联创光电：2022 年度净利润 2.81 亿元 增长 21.31% 5、华海药业：制剂产品艾司奥美拉唑镁肠溶胶囊获得美国 FDA 批准文号 6、卫星化学：年产 1000 吨α-烯烃工业试验装置开车成功 7、太极实业：子公司中标 34.72 亿元滨州沾化区 2GW 渔光互补发电项目 8、艾比森：2022 年度净利增 578.03%至 2.03 亿 ...全文,0,0,2
24,4885129660468639,MzIBU1XUH,Bubu,2023-03-30 23:12:15,《人类一号》，Beeple首件装置作品。在NFT市场大赚之后，感觉他更有创意了，有钱真是让（有创造力的）人更自由啊。  就光来一趟西九文化区，逛逛香港故宫和M+，也完全值得来一趟香港了。  但是照片太多我简直不知何时才能整理完，愁。  🧑🚀 ,0,0,1
24,4885055757617645,MzGGHvXHf,DJI大疆杭州万象城旗舰店,2023-03-30 18:18:35,作为室内空间摄影师，John&amp;Maura Stoffer在拍摄时只使用自然光，去寻找拍摄空间本身的感觉，着眼细节，捕捉设计以及装置如何相互作用。  ▲ John&amp;Maura Stoffer ▲ Hasselblad X2D 100C 杭州·DJI大疆(杭州万象城旗舰店) ,0,0,0
25,4884647776879011,Mzw4FsRxN,小能软糖和太白免,2023-03-29 15:17:24,今日份异想天开｜要是能发明一种装置，可以储存人的睡眠状态就好了。比如储存早上死活醒不来的状态，然后一秒精神，到晚上睡觉的时候再把状态提取出来一秒入睡。这得少多少嗜睡症和失眠患者，简直是人类之光啊。 ,0,2,0
25,4884625161978232,Mzvuc8iCY,甄星辰翼,2023-03-29 13:47:32,开个脑洞 想看到案发现场有七种延时杀人装置  5个嫌疑人包括侦探和助理全都对甄下了手   侦探和助理其实是特意从未来穿越过来动的手 但是做完延时装置后要穿越回去时 设备出了问题导致侦探和助理都失去了记忆 加上两人一直呆一起成为侦探 结果随着搜查到的线索渐渐推理出侦探和助理也是嫌疑人  这样光 ...全文,0,6,31
25,4884275889441938,MzmoQDChk,BVLGARI宝格丽,2023-03-28 14:39:40,收集来自神秘传说与民间文化的无尽宝藏，以视觉表达重塑华美灵蛇。透过艺术家吴俊勇的当代水墨动画装置《光之种子》与艺术家刘佳玉的影像装置《灵光鎏影》，探索古老图腾突破时空的耀目蜕变。#Serpenti75# 即刻点击网页链接 探索BVLGARI宝格丽SERPENTI系列75周年传世蜕变。 ,1,19,41
25,4884201272772707,MzksvbDj5,Sputnik式的欧西安那,2023-03-28 09:43:10,我看表的时候突然能理解男人对表和车的爱了。那种机械之美无与伦比，像Tourbillon这种装置我光看文字描述就能心动。 ,0,1,1
25,4884200538247392,MzkrjyBws,美创数字站C位的小美,2023-03-28 09:40:15,#mgc创意集#   围绕着定义空间中包含的三维形式。它们的性质和行为通过光和声音的融合展开，产生视觉错觉和未知空间，与观众的感知相配合。该装置采用投影映射技术，旨在打破真实空间和虚拟空间之间的联系，创造独特的沉浸式体验。  #遇见艺术##设计#装置艺术#超能新星汇##新星v计划#  ...全文,1,0,0
25,4884097765998722,MzhLypaxA,VRNCZ,2023-03-28 02:51:52,Vegas这座城市真的像一场梦 赌场里全都是东亚元素 迷信和神 招财猫水晶玛瑙瓷器黄金 街上是仙人掌和钢铁做艺术装置 反射太阳光 整条strip一直放着音乐 还有凯撒和威尼斯人的假天空 分不清白天黑夜 24小时营业的所有东西 半夜还有很多人在街上走 随处可见的脱衣舞娘和魔力麦克型男 巨型金字塔 意大利喷 ...全文,0,4,2
25,4884092707930402,MzhDoxh3I,辣醬釋体,2023-03-28 02:31:46,吉是一款矫正器，在莱可能走偏的时候把他掰回来的内部装置…其损毁后，莱就无法控制地要走一条与初衷偏离的道路，成为势必要烧光烧尽的火，一把失去刀鞘注定要折断的利剑。 ,0,0,0
25,4884043201777587,Mzgly7sqL,巴巴变是卡门Carmen,2023-03-27 23:15:03,夜幕降临 迷人的夜空使人陶醉 最近有点沉迷bistro 发现了不少宝藏酒馆儿 其中一家是东坝的Hi-Town Bistro 环境超赞，看得出老板很用心，餐厅的布置很艺术。一进门就有一个超赞的装置，很是惊艳。治愈暖光照射下的餐盘杯具倒影温馨别致，舒适放松的氛围在温馨的环境里直接拉满。餐厅的里面还有一个大大 ...全文,1988,1656,6014
25,4883923098930218,MzddPBt9M,Vinnie__Y,2023-03-27 15:17:48,⚪️ Healing Art |『与光共舞』— 在水中续写做过的梦  英国艺术家Bruce Munro用废弃的CD拼出的“睡莲”与“花园”装置，在阳光与月光的照耀下，映射出不同的天光。使每个观赏者都沉醉于音乐的海洋... ,3,9,155
25,4883903522801375,MzcIgbKLt,时尚芭莎艺术,2023-03-27 14:00:01,装置｜好奇的沙漠  3月19日-8月15日，艺术家奥拉维尔·埃利亚松（Olafur Eliasson）全新个展“好奇的沙漠”（The Curious Desert）在卡塔尔首都多哈呈现，展开了一场关于环境议题的重要对话。Sabkha栖息地的12个临时展馆将呈现艺术家的最新装置系列实践，响应自然环境中不断变化的元素，如光、风与水。  ...全文,1,0,10
26,4883835319226362,MzaWfCIci,美创数字站C位的小美,2023-03-27 09:29:00,#mgc创意集#   作品由1000个半弧形的水滴感应灯组成。当我们用光源靠近点亮其中一颗“水滴”，它犹如涟漪一般迅速传递扩散开去，你的光与他人的光在这一刻交融，点亮彼此，流动成意识的海洋。  #遇见艺术# #设计# 装置艺术 #超能新星汇# #新星v计划# 美创数字站C位的小美的微博视频 ,0,0,0
26,4883611562018630,Mz57m8t8y,作品集培训,2023-03-26 18:39:52,巴黎一对创意夫妇Bardula，他们利用光、透明度、反射和虚拟空间的融合，创造出迷人的万花筒艺术作品。  #装置艺术##视觉传达##艺术留学##作品集辅导##艺术灵感# ,0,1,3
26,4883573670676752,Mz48f2Q3m,QinCheng_C,2023-03-26 16:09:18,#周末继续逛展呀##南京看展#  ⛰️｜【 小山 - 王天德 】关于画作、关于装置、关于布展，这是一个开放、精致又有趣的展览。他的水墨不大声大嚷，不夸张，但是有分量有耕耘。 🔦｜【 擒光 - 曾臻 】用叙事性的绘画语言，通过对虚拟游戏世界的体验与反思，重新建构来自元宇宙世界的信仰存在。放弃了用 ...全文,0,0,0
26,4883544608343092,Mz3nmz0q0,Anti_Magazine,2023-03-26 14:13:49,#Anti_Scout# 他的舞美设计在剧院有很高的辨识度，也影响了很多的舞台设计、公共艺术、装置等领域的艺术家。他通过光来定义空间的结构，产生极具戏剧化的影像。 ,0,0,0
26,4883311720142856,MyXjK0Ba8,Hu钰是真玉,2023-03-25 22:48:24,树枝磨耗跟光固化灯有一定关系 国产光固化灯建议1-2年一换 进口的可以用时间长点  像好点的树脂比如美塑、大师的树枝如果固化不好还是会磨耗严重检查也是大平板，所以氧化是在胡扯 💾光固化灯的光强将随着使用时间的延长逐渐变小，有很多因素可以干扰固化装置的有效性。如灯泡的老化、光导的磨 ...全文,1,3,2
26,4883126146828917,MySuqsEvP,美创数字站C位的小美,2023-03-25 10:31:00,#mgc创意集#   用激光代替琴弦，并在琴身内嵌入感应器、迷你音响、烟雾机，和自主研发的定制微型芯片。古琴自身散发出烟雾，激光在烟雾中清晰可见。在拨动光束的同时，触动相应的音符演奏优美旋律，通过对光不停的控制，创作出属于自己的乐曲。  #遇见艺术# #设计# 装置艺术 #超能新星汇#  ...全文,0,0,0
26,4882610536841938,MyF4NsHTQ,不是酯,2023-03-24 00:22:09,"今日看爽5小时。非常泻药建院哈 P23感觉挺有意思的,两边打光和看的角度不同带来的感觉很不一样。然后今天看到的几副情绪插画还有装置很被点中哈哈哈 必须要说的是P5今日最喜欢之作品,真的为它驻足很久。讲真如果我有钱真的特别特别想扫走这个货。真的很喜欢很特别的这种肌理,感觉是今年新作品的 ...全文",0,2,7
26,4882589758259747,MyExhyEJJ,生活痕迹喽,2023-03-23 22:59:34,花之光  光艺术装置#西南林业大学##IALD# @IALD大中华 ,0,1,2
26,4881645762514398,MyfYIay6O,奔跑1111111,2023-03-21 08:28:29,PDD INTOYOU 水感唇釉 29    PDD INTOYOU 女主角唇泥 24.9      PDD INTOYOU  指尖唇釉 2支39       孩子的玩具使卡文迪许受到启发。他在测量装置上也装上了一面小镜子，细丝受到另一个铅球的微小的引力，小镜子就会偏转一个很小的角度，小镜子反射的光就转动到一个相当大的距离。利用这个放大的距离， ...全文,0,3,0
27,4881313956632205,My7lxrPl3,优雅GRACE杂志,2023-03-20 10:30:00,葡萄牙 里斯本 时空光门   葡萄牙总统府外的灌木丛、道路、围墙、喷泉……仿佛一夜之间被红色的发光拱门占领。这是葡萄牙设计事务所LIKE用红色波纹塑料管打造的装置作品《光门》，装置内部安装有红色灯管。日间，红色塑料管与花园葱郁的绿色形成鲜明对比；夜晚，灯管散发出的红色光芒将花园装扮成一个 ...全文,0,0,1
27,4881055691312605,My0CZ5vt3,璢璃·,2023-03-19 17:23:45,#华晨宇杭州成都4场门票售罄#  就场地声场硬件来说，华晨宇演唱会巡演成都露天音乐公园站，10+万人超大总容量，光主舞台室外阶梯式观众席容量就有近五万，是世界最大的全景声双面剧场（室外+室内），超大横跨式穹顶天幕（大屏幕），最后专业声学和隔音设计，是拿鲁班奖融合园林装置的音乐公园。完全是 ...全文,10,5,83
27,4879973129389755,MxysUDoHF,美创数字站C位的小美,2023-03-16 17:42:02,#mgc创意集#   为了创造沉浸式、有魅力的体验，此装置通过运动、纹理、灯光和声音来探索艺术装置本身与其周边的关系。 发冷光的球来营造一个沉浸式感受以及有交互感的光与声音。  #遇见艺术# #视觉传达# 装置艺术 #超能新星汇# #新星v计划# 美创数字站C位的小美的微博视频 ,1,0,0
27,4879597730269208,MxoHr1824,电影即映画,2023-03-15 16:50:20,什么是物联网  物联网(The Internet of Things，简称IOT)是指通过各种信息传感器、射频识别技术、全球定位系统、红外线感应器、激光扫描器等各种装置与技术，实时采集任何需要监控、 连接、互动的物体或过程，采集其声、光、热、电、力学、化 学、生物、位置等各种需要的信息，通过各类可能的网络接入 ...全文,0,0,0
27,4879519192191338,MxmEL9c4a,国际美陈俱乐部,2023-03-15 11:38:15,艺术装置 | 万花筒迷宫装置艺术万花筒迷宫装置艺术  《万花筒》由著名的装置艺术家Keith Courtney创作，他是《镜子之家》（House of mirror）和《1000扇门》（1000 Doors）的幕后艺术家之一。《万花筒》是一部声与光的迷人交响乐装置，在本迪戈的罗莎琳德公园上演，为期四个月。  #遇见艺术# ...全文,2,0,7
27,4878979896708258,Mx8CVs97I,口味十分重,2023-03-13 23:55:17,带着毛进去，光着身子出来。猜猜这个装置干啥用的？ 口味十分重的微博视频 ,1,2,0
27,4877155110488984,Mwn9J23cQ,秋秋花chocho,2023-03-08 23:04:14,广州动物园的鱼缸真的像一组很有意思的装置，去的那天天气很好，光透过玻璃的折射留下了很漂亮的星星痕迹°̩̩͙‧✧‧°̩̩͙ °˚ˈ˚°°̩̩͙‧✧‧°̩̩͙ p2是加入的克隆人体实验 ,3,7,99
27,4877456052323488,MwuZ79KrC,时尚先生Esquire,2023-03-09 19:00:04,#先生发现家#奥拉维尔·埃利亚松（Olafur Eliasson）的作品里有很多现代结构的图形，金属、玻璃、幕布间或穿插其中，创造了一种冲突但不矛盾的审美体验。而他最新的作品，为卡塔尔首都多哈设计的公共艺术装置则延续了这一气质。  新作品「游荡于白日海面之影」，光听名称，似乎就从地理上对其特殊性进行 ...全文,1,15,26
27,4877360559561728,Mwsv5E7rq,飞扬军事铁背心,2023-03-09 12:40:37,真主党在一份简短声明中说，这个伪装成石头的装置是由以色列士兵在胡拉镇郊区的 al-Abad 地点附近布置的。该组织没有提供有关该设备的任何进一步信息。 过去，在真主党的中心地带黎巴嫩南部发现了几个类似的间谍装置。其中一些设备包括运动传感器，而其他设备则具有电光\红外成像仪甚至信号\电子智能系 ...全文,0,3,8
27,4866501356815057,MrU0fsAUh,河北日报,2023-02-07 13:30:00,【#国家级非遗南张井老虎火绽放元宵节#】2月5日晚，中国传统节日元宵节，国家级非物质文化遗产“南张井老虎火”在河北省石家庄市井陉县绽放。“南张井老虎火”于2008年入选国家级非物质文化遗产扩展项目名录。“老虎火”就是用老虎样子的模具，在其体内装置特有的自制焰火，燃放时将其点燃，小伙子们光 ...全文,3,4,14
28,4876264437187745,MvZZ9u9Rn,杭州日记bot,2023-03-06 12:05:01,这段时间，每到周末，位于杭州转塘的全山石艺术中心爆火，周末每天接待1.2-1.5万人，门票被秒光。什么活动能让那么多家长孩子趋之若鹜？你可能不信，这竟然是一个儿童艺术装置展！但它可不是普通的展览，参展的都是中国美术学院的毕业生创业开设的艺术机构，展品都是这些机构的孩子们创作的！本来，展 ...全文,0,0,0
28,4876250038404645,MvZBVzgqN,RedPoppy373,2023-03-06 11:07:48,阳光的照耀下，黑色的大地散发着油腻的光。而这片破碎的、炸裂的黑色大地，是我们这些不得安生、阴郁麻木的机械装置的背景。我们的喘息是羽毛的颤抖，嘴唇干裂着，头像喝了一整夜的酒，昏昏欲裂——我们就这样连滚带爬地挺进，而我们像筛子一样被打得稀烂的灵魂中，则钻进一幅折磨人的强烈画面：黑色大 ...全文,0,0,0
28,4874242841906465,Mv9ow7ZXr,西安安防参谋长-郭建文,2023-02-28 22:11:55,#说安防事##买报警设备就找安防参谋长# GA/T 1217-2015 《光纤振动入侵探测器技术要求》中规定：光纤振动入侵探测器指通过光纤振动传感器，对入侵或企图入侵行为所引起的机械振动信号做出响应并给出报警信号的装置。那么光纤振动传感器指能通过传输光信号特性的改变来感知机械振动信号的光纤（缆）。光 ...全文,0,0,0
28,4873747289085295,MuWveC7v1,陈慧一昆山谦威Lexan系列PC板材,2023-02-27 13:22:46,Lexan   板材应用领域划分  Lexan  9030  一般应用，装置面板，广 告 标 牌，汽 车 内 部 挡 板，机 床 防 护  Lexan  Exell-D一 般 应 用，建 筑 屋 顶 采 光，广 告 标 牌，     Lexan  MRX一 般 应 用， 机床防护  Lexan  MR5E一 般 应 用，铁路内部隔段，  建筑采光，特种车辆采光，汽车玻璃采光， ...全文,0,0,0
28,4872726873642185,MuvXpfhuV,第1005次日落,2023-02-24 17:48:00,人生第一次看时装秀，Tods的舞台效果太好了，尤其是入场的装置。只有简简单单散落在地上的灯管，和几个搭起来很高的水泥楼阁。好像穿过灵感的隧道，在茫茫黑夜中，熹微的光映在草丛与原野上。他一出现，站在燃烧的Tods标牌旁，仿佛带来新世界曙光的神明，他如此洁白无瑕，人群簇拥着他，霎时间一切都是 ...全文,0,0,0
28,4872615221526645,Mut3k6p9j,知河北,2023-02-24 10:24:19,#科学的温度#【中国如何打造全球最大“人造太阳”的硬核“防火墙”？】太阳通过核聚变反应释放光和热，科学家们希望利用该原理，为人类开发一种源源不断的清洁能源。因此，在地球上以探索清洁能源为目的的可控核聚变装置又被形象地称为“人造太阳”。核聚变燃料可来源于海水，取之不尽用之不竭，足够人 ...全文,0,0,0
28,4871543975051625,Mu1bvlc9P,禾下C凉梦,2023-02-21 11:27:34,#山海平阳 千年非遗##最美in平阳##雁山鳌水间# 木偶制作技艺源于秦汉，至今已有2000多年历史。这是一门高难度的手工技艺，有一套严密的程序，各个环节缺一不可。如木偶头制作即需初胚、定形、细刻、磨光、粉彩、定妆、配饰等流程。制作1个普通木偶需耗时10天左右，如有特殊机关装置，制作时长则要更久 ...全文,3,4,4
28,4869396319961405,Mt7jxFNpP,南京马蹄莲空间设计,2023-02-15 13:13:33,走进一束光  打破不同空间的边界感，是我们在别墅空间设计过程中关注的焦点。  来自院子的那束光，是打破一切建筑边界感的枢纽。透明电梯的嵌入，毫无违和感地将光线贯穿整栋建筑，增加上下空间的连接感，随着电梯的上下运作，而产生巧妙的空间韵律。也由此拉进家人们的情感互动，让空间的装置，更艺术 ...全文,0,0,2
28,4868681806650395,MsOJ6rU4r,美创数字站C位的小美,2023-02-13 13:54:21,#mgc创意集#   La cathédrale Saint-Étienne de Metz，拥有法国最多的彩色玻璃。它邀请自然光，并与周围环境轻松和谐。希望作品能与大教堂融为一体，仿佛它是大自然的一部分。  #遇见艺术##设计#装置艺术#超能新星汇##新星v计划# 美创数字站C位的小美的微博视频 ,0,0,1
29,4861785020307934,MpVjg1i6G,广州广钢新城房产投资圈,2023-01-25 13:08:59,广佛楼市         华南国家植物园“2023新春珍奇兰花暨岭南特色名花展”其中特色植物展3个、新春主题花展场景9个、特别展1个         特别是“夜森林”区域将由五部分组成：光之精灵、光之仪仗、光之秘境、光之幻影、光之韵律。创意运用晶莹剔透的温室光影艺术装置、激光、投影、AR互动装置等 ...全文,0,0,2
29,4861739889330310,MpU8sD9eS,头上有犄角的智慧女孩_Ric,2023-01-25 10:09:39,成都奇奇怪怪的艺术装置真的好多 一个景点没去光逛街了 卡点排上了马旺子 我一个不吃萝卜的人竟然觉得 酸辣萝卜这道菜是全场最佳 能放在米其林菜单的首页不是没有道理的 奔着jojo联名去了niko and 日杂好好逛 赶紧开到西安求求了 ,0,0,6
29,4861729945160169,MpTSqlEox,城市美学社,2023-01-25 09:30:08,各种装置声光电的运用很多，但让眼睛惊艳的还是冷军那幅超写实作品，武汉双年展印象#武汉双年展# ,0,0,1
29,4861534703976637,MpONwgGvj,华南冬眠王,2023-01-24 20:34:18,光污染装置好啊 ,0,4,4
29,4861488320482034,MpNAI21oK,广州日报,2023-01-24 17:30:00,【新春佳节，在华南国家植物园“夜森林”邂逅“光之精灵”】今年春节、元宵节期间，华南国家植物园部分区域试行延时开放，游人可以欣赏到“夜森林”的美景。“夜森林”区域将由五部分组成：光之精灵、光之仪仗、光之秘境、光之幻影、光之韵律。主办方创意运用晶莹剔透的温室光影艺术装置、激光、投影、 ...全文,8,4,23
29,4860810713107078,MpvXNd2ia,雨夜洗淋浴_,2023-01-22 20:37:26,琴台馆室内清水混凝土的建筑风格配合现代艺术品效果还是很不错的。馆内一些运用了声光电数字化的装置艺术比较吸引眼球，互动性也比较强，整体看下来视觉感受还是不错的#武汉双年展# 武汉·武汉美术馆(琴台馆) ,0,0,0
29,4860681239923856,MpsAXFDEc,人景酒梦文,2023-01-22 12:02:57,hls我真的对你很无语  同一节课我看你的知识讲解二十多个小节光是三种传动装置我就看到了不同的老师讲了至少四遍  你到底是要干啥...浪费时间.... ,0,0,0
29,4860431104215384,Mpm5whGC4,布林客BLINK,2023-01-21 19:29:00,Olafur Eliasson（奥拉维尔·埃利亚松） 、 b.1967 北欧当代艺术家 💧 「装置艺术，在物态中研究光的颜色」 🔶 ,10,0,39
29,4860292653391739,Mpiudeelt,想换个名字可还没想好,2023-01-21 10:18:51,日常  看展第二站 琴台美术馆 预约的下午场 扫码进场  带孩子去的挺多的 加上一楼装置艺术带有声光电 所以有点闹 大多都在二楼聚集 越往后面逛 人就越来越少了 整个展览馆太大了 分了A-E五个展区 艺术形式丰富多样 逛一下午腿疼 导致后来在负一楼有点走马观花了 个别展品维护中 可能会漏掉一些 ...全文,0,0,1
31,4856115424405196,MnxOKitZy,日本IDPA国际先锋设计大奖组委会,2023-01-09 21:40:02,坤茂置业×KLID达观｜上海城市会客厅新地标 连结世界抵达未来 近7米高的光艺术装置从空中倾泻而下，如繁星流动。转身远眺窗外陆家嘴璀璨迷人的夜景，恍若置身浩瀚星空，让人不由升起“俱怀逸兴壮思飞，欲上青天览明月”的豪情。室内接待台壁龛中特制的动态灯光艺术装置，也和窗外陆家嘴闪耀的灯光相呼应 ...全文,0,0,1
31,4855796946963747,Mnpx4tdAv,青袍白马逐狡兔,2023-01-09 00:34:31,我真的很需要研究一下打光了，这边家里灯已经很亮了，拍照还是一层灰，我急需赶紧定居了整一套打光装置  对光最深的体会就是在阿那亚那个日出，太阳一照，皮肤更光滑有质感了，根本不用怎么修，直出 ,0,0,0
31,4855735421504670,MnnVQ6jqS,上海文明徐汇,2023-01-08 20:30:01,【土山湾中国牌楼有个“孪生姐妹”，也“住”徐家汇】刚刚过去的元旦假期，徐家汇源景区的全新地标——徐家汇书院，正式开门迎客，掀起一股“探店”热潮。稳居C位的“光启之门”，身姿妙曼，格外夺目！这座装置艺术是通过数字化设计手段与3D打印技术，将土山湾博物馆镇馆之宝“中国牌楼”进行艺术化再 ...全文,0,0,0
31,4855344083764515,MndKEfNjZ,加减智库设计事务所,2023-01-07 18:35:00,PMT原创 | 智能照明展厅中和光随行  项目面积：180㎡ 主要材料：阳光板、竖纹墙纸、、银镜 项目地址：四川成都 施工周期：3天搭建+15天预搭建 光是不受空间限制，且又无法触摸的存在。  光之碑廊展厅正是希望展示光线这一神秘的属性。因此黑色的光碑装置犹如天外来物被安放至碑廊的中心，反射的镜面效 ...全文,1,1,0
31,4855096833212897,Mn7jRdtOV,QuantHedgeFund,2023-01-07 02:12:31,#量化对冲基金#【众智科技：储能等新能源领域目前还在进行拓展，市场尚存在不确定性】1月6日讯，众智科技1月6日在互动平台表示，公司储能解决方案包含混合能源控制器产品、BMS控制器产品及能量管理系统EMS。公司研发的混合能源控制系统可实现储能装置与风、光、油、气等多能互补，实现数据采集上传、监 ...全文,0,0,0
31,4854964037878029,Mn3RFx3qZ,盛旦导光管,2023-01-06 17:24:49,雨雪风沙会不会损坏导光管采光系统的采光装置？#导光管采光系统# 盛旦导光管的微博视频 ,0,0,0
31,4854234338301742,MmKSJyPF4,重庆文娱资讯,2023-01-04 17:05:16,#重庆IFS魔幻灯光秀及摄影艺术展# 近日，重庆IFS《第十八道门The Gate to the East 》艺术装置以焕然一新的姿态呈现开年大秀，在延续该装置独特艺术生命的基础上，通过声光电的加持，带给大众极具视觉冲击的“光有引力”魔幻灯光艺术大赏。  即日起至1月31日，每晚18:00及20:00呈现主题名为《光有引力 ...全文,24,29,73
31,4854209239849697,MmKefFkm5,重庆潮生活官微,2023-01-04 15:25:32,【潮流速递——重庆IFS开年大秀呈现魔幻灯光秀及摄影艺术展】2023年，重庆IFS《第十八道门The Gate to the East 》艺术装置以焕然一新的姿态呈现开年大秀，在延续该装置独特艺术生命的基础上，通过声光电的加持，带给大众极具视觉冲击的“光有引力”魔幻灯光艺术大赏；同时，重庆IFS还特别邀请到 ...全文,0,1,0
31,4854201382866352,MmK1Ac1Fu,渝城CKG,2023-01-04 14:54:19,重庆IFS《第十八道门The Gate to the East 》艺术装置以全新姿态呈现开年大秀，在延续装置独特艺术生命的基础上，通过声光电的加持，带给公众极具视觉冲击的「光有引力」魔幻灯光艺术大赏，即日起至1月31日，每晚18时和20时呈现。同时，重庆IFS还特别邀请到国际新锐时尚摄影师Dalong Yang于购物中心1层 ...全文,1,8,33
32,4854157926465571,MmITur7Zp,奥特曼中国官方微博,2023-01-04 12:01:37,#奥特曼小科普# #奥特曼# 等离子火花塔  等离子火花塔非常巨大、显眼，是光之国最重要的设施。塔的中心，有着被称为“神圣之光”的等离子火花能量核。塔里安装了人工太阳等离子火花装置，此装置能够生产光之国的能源“迪法莱塔光线”，并可以集中控制放置于行星地下的5000台等离子火花装置。 ,77,59,510
32,4853979596456674,MmEfRr5FU,一个人也是晴天,2023-01-04 00:13:01,Lumatar  新媒体艺术工作室 创造光，动态影像，令人难忘的装置。神奇世界、启发、喜悦。毗邻河流，已建立了45个临时照明装置。浮木，树干和岩石是自然的投影表面投影元素与自然对象的融合创造了真实与虚拟之间的共生关系。 ,0,0,1
32,4853829747083819,MmAmatIP9,安徽碳工场,2023-01-03 14:17:34,新能源能源 光伏发电的原理是什么？光伏发电是利用半导体界面的光伏效应，将光能直接转化为电能的技术。这项技术的关键要素是太阳能电池。太阳能电池串联后进行封装保护，形成大面积的太阳能电池组件，再与功率控制器等部件配合，构成光伏发电装置。  当太阳能电池被光照射并且界面层 ...全文,0,0,0
32,4853808707934416,MmzOexi6s,张海浪人,2023-01-03 12:53:58,2022-2023  我的跨年是在发烧和康复中度过的 也感谢在卧床休息这几天 纪录片陪我度过了充实的时光 因为觉得太好了所以想分享给大家 · 《奥拉佛·艾里克森：艺术的设计》 艾里克森借助：光，水，气温等元素制作了他的大型装置。纪录片不仅记录了他的生活，也记录了他的艺术与设计理念方法。 · 纪录片中随 ...全文,1,6,212
32,4853759894883000,Mmyxvkui4,周狱瞳,2023-01-03 09:40:00,【2023.1.3】「海上世界」 📷 恰逢2022招商局150周年庆，海上世界亮起的「时代之光」艺术装置，让人眼前一亮，真是很好看… 📷 #深圳旅游##小周游##深圳天气# 深圳·蛇口海上世界 ,0,4,2
32,4853582241466257,MmtUY69rj,Li-aidan,2023-01-02 21:54:04,终于等到姐姐回来一起看阿凡达，3个多小时英文原声，本来担心这俩小人儿吃不消，没想到从头到尾看的津津有味。  下楼偶遇流光述影光影装置艺术展，如影随光，时光启新 ,0,0,0
32,4853372387066511,MmosutEjZ,于豫雨,2023-01-02 08:00:11,一种摄影术语，是一个用来控制光线透过镜头进入机身内感光面光量的装置，通常设置在镜头内。通常，我们用f值来表达光圈大小。通俗来说，摄像机镜头拍照时，不可能随意改变镜头直径，但可以通过在镜头内部加入多边形或者圆形的可变孔状光栅来达到控制通光量，这个装置就叫做光圈。光圈除了用来调节曝光 ...全文,0,0,0
32,4852858976211446,Mmb6pq3SC,关东血,2022-12-31 22:00:02,#FF14乙女向万千星芒9days##芝诺光##乙女向#   《所谓星海》 Summary：与芝诺斯在宇宙尽头决战后，光之战士决定无视掉落下来的传送装置。 月读 blog啊.啊timelysnow啊.啊com啊.啊cn啊/啊aetherial啊.啊htm  赶上了——！！这次是18：10老师点梗的芝诺光（梗和终末与新生的主题好契合……），独立成篇， ...全文,17,31,65
32,4852793708647114,Mm9p8AhvA,龙湖北京长楹天街,2022-12-31 17:40:43,艺术家温绮雯 联合呈现 流光述影·光影装置艺术展 蝶慕花映 如影随光 时光启新 𝟭𝟮.𝟯𝟭-𝟭.𝟮 #无界光影8周年庆 📍龙湖北京长楹天街 ,1,0,3
32,4851391795306345,MlyVZmgqd,深圳市城市管理和综合执法局,2022-12-27 20:50:01,#2022深圳光影艺术季#光影作品展示——【光廷Temple of Light】 装置将世界级的沉浸式光影艺术展从巴黎带至深圳欢乐海岸，运用数字投影技术，结合空间、音乐对经典名画进行二次创作，为观众打造一个前所未有的、剧场般的沉浸式光影艺术体验。 地点：欢乐海岸 ,0,0,0
33,4851369145801325,MlylsolbL,深圳市城市管理和综合执法局,2022-12-27 19:20:01,#2022深圳光影艺术季#海上世界“时代之光”艺术灯光装置，通过巨型海浪元素打造印记感，融合纤维艺术风，用现代线条表现崛起的海浪。高体量塔形设计、动感蝴蝶元素、通体透明光感的设计亮点，给市民带来一场盛大的光影之旅~ ,0,0,0
33,4851290876939025,Mlwjdt79L,深圳市城市管理和综合执法局,2022-12-27 14:09:00,#2022深圳光影艺术季#光影作品展示——【AI-机器-花】 通过“光”体验连接城市空间和人的关系，在智能控制的棱镜下，装置在不同角度制造出彩虹光和激光，为人们带来追逐美好的寓意。 地点：明湖公园 ,0,0,0
33,4851255585279777,Mlvoim9vH,美学馆子,2022-12-27 11:48:46,堂的彩色玻璃叫花窗玻璃，是西方建筑装饰品，常见于教堂，装置于建物墙面上。 当日光照射玻璃时，形成灿烂夺目的效果。#绘画参考## 绘画素材# ,5,1,5
33,4851211633170031,MlufpdiFx,香辣爱好者,2022-12-27 08:54:07,我记得迪迦奥特曼有一集讲述人类想掌控未知力量，正木敬吾想通过火花棱镜以及转化光装置变成奥特曼，但是这一集大古告诉正木敬吾一旦以错误心变成奥特曼后果不堪设想，正木敬吾想掌控奥特曼这种未知力量，迪迦奥特曼这一集告诉我们不要轻易掌控未知领域或者未知力量，否则带来严重后果 ,0,1,0
33,4851091449322442,Mlr7yD7bY,天生脾气好随便惹,2022-12-27 00:56:33,小夜日记： 输了32个液体--打了4颗留置针--3个病重病人--1个病危病人--送走1个病人（家属放弃抢救，没有再花多的时间）--收了1个新病人--科室输液泵、监护仪、氧气装置全用光，最后收拾我的战场，我是叙利亚战士🪖 ,0,0,1
33,4850993924147248,MloAghoT6,深圳市城市管理和综合执法局,2022-12-26 18:29:01,#2022深圳光影艺术季#光影作品展示——【光轨迹2.0】 作为一台编译光的机器，装置表面使用了发光材料，组成各式的几何图形，通过传动结构编排表面的图形变化，利用白天所吸收的光线进行发光，酷！ ,0,0,1
33,4850964416957886,MlnOFtc3Y,灯光帮,2022-12-26 16:31:45,发布了文章 《迈阿密海滩上一个空灵的光迷宫“客厅”装置》 迈阿密海滩上一个空灵的光迷宫“客厅”装置 ,0,0,0
33,4850869210978197,Mlll746tn,装饰设计师杂志,2022-12-26 10:13:27,「中国·成都」ACE DESIGN | 倚光而居  倚光而居的哲学，是对自然的最大限度解放，亦是本案的核心。设计师以蜿蜒周折的楼梯造型，改变了原结构下的行走方式，让自然顶光绕着漩涡般的“传导装置”，由外及内地洒入了负一层及夹层之中。  Designer丨谢辉、王琦琅 Photographer丨视方摄影-翱翔  ...全文,2,0,7
33,4850854336923718,MlkX7t3aS,深圳市城市管理和综合执法局,2022-12-26 09:14:21,#2022深圳光影艺术季#光影作品展示——【潮升】 装置利用光与雾的组合，以十二根发光柱子为载体，利用灯光变化，重现了潮汐变化的壮观景象。 ,0,0,0
35,4847717543318544,Mk1lMdViU,何不fence,2022-12-17 17:29:51,明日方舟 卧槽，异格苇草的三技能是阿卡胡拉保全的神，一炸炸一串，顺手把BOSS炸死了拿上那个装置，光叠狙击攻速就能无敌，无限开技能 ,0,2,2
35,4847589318464252,MjY0XzvWc,nannankong,2022-12-17 09:00:20,Anne Lindberg（安妮·林德伯格）  美国当代艺术家 装置艺术 ☔️ 「像光、像雨、像迷雾的装置艺术：在空间中用线条作画，每件装置作品都是不同的，而作品的主体则是一个通过知识的收集将一件作品加工为另一件作品的过程，因此我将这些装置看作是一系列的画作」 🌈 ,3,0,10
35,4847440248701656,MjU8wAvHi,宿宿大都督,2022-12-16 23:07:58,今年家元做的圣诞树、和制作部的圣诞树， ins都揭晓了。 很多细节，光是看图就很开心， 草月人专属狂喜。 #装置艺术##超能新星汇##草月# ,0,1,8
35,4847400008554861,MjT5CzTvD,白石不可,2022-12-16 20:28:05,✨🎄澳门是懂节日气氛的！  计划去澳门的朋友不要错过，今年的澳门光影节“2022幻彩耀濠江”已经开始啦，多元的灯光装置、光雕表演和互动游戏遍布八区，一直持续到元旦！  光之美术馆用灯光装置将世界名画进行了二次创作，氹仔区的彩色花窗投落梦幻光影，永利还推出了幻彩圣诞主题下午茶。作为市中心 ...全文,85,100,334
35,4847281544629385,MjQ0yjqjv,御姐范的自然人,2022-12-16 12:37:21,精密高端机床的母机、光量子信息，激光微波粒子以及声纳音波武器、核聚变装置实用小型化、电磁离子武器、生物生命研究和生物仿生利用、气象地质与自然的研究、智能机器人的研究和发展利用、宏观世界、微观世界、对新人类以及新兴学科的探索、研究、利用和发展，都是关乎到中华民族复兴的关键因素。     ...全文,0,0,0
35,4847076733357824,MjKGde5ws,AsIRam6,2022-12-15 23:03:30,FLASHQ Q20Ⅱ作为一支超轻便小巧的闪光灯虽然只有GN20，但足以面对我使用的大多数场景，10CM的长度和115g裸机重量可以直接揣在口袋里。 同时作为热靴接口的底座同时是引闪器，通过快拆装置即可实现离机引闪、光引闪，引闪器也是超级小巧，不用额外的电池，仅需要插线充电就可以使用。 从1/64起到全力输 ...全文,0,0,0
35,4846668664541363,MjA42j3pN,兰蔻LANCOME,2022-12-14 20:01:59,这个冬日，兰蔻将法国先锋艺术家Richard Orlinski倾心设计的玫瑰，一朵朵汇聚而成一座无比梦幻的「璀璨玫瑰·节日盛放」艺术装置，带来满满的节日浪漫氛围。  璀璨玫瑰熠熠生辉，限定礼盒层层堆叠，映射无限祝福；步入装置内部互动空间，触碰兰蔻明星臻品，棱光闪耀邀你纵情共舞，一起沉浸感受绮丽节日 ...全文,6,4,36
35,4846272295734715,MjpKJo3Rp,王董TOP说,2022-12-13 17:46:57,13985－221213 // 【太厉害了！我国首台纳米角分辨光电子能谱装置研制成功，打破垄断！】  厉害了！我国首台纳米角分辨光电子能谱装置研制成功，打破垄断！ ,0,0,0
35,4845943322843763,Mjhc8bVN9,用户7526787908,2022-12-12 19:59:44,嵌入式调光调色触摸感应器  橱柜衣柜酒柜灯触摸感应器  柜内灯触摸控制开关，调明暗控制器  调色温（暖光／中性光／白光）LED智能控制装置 橱柜衣柜智能感应灯 #灯光设计 #LED控制装置 #智能灯光 佛山·佛山市威斯泰电器有限公司 用户7526787908的微博视频 ,0,0,0
36,4849069186624587,MkAvQrNmb,Simple-guy-china,2022-12-21 11:00:48,#新能源#  德国柏林亥姆霍兹中心(HZB)科学家称，他们生产出一种钙钛矿/硅串联太阳能电池，可将32.5%的入射太阳光转化为电能——光电效率高达32.5%，创下新的世界纪录！意大利认证机构欧洲太阳能测试装置(ESTI)测试并正式确认了这一纪录。 ,0,0,0
36,4848495690781221,MklAR3hel,瞰潇湘,2022-12-19 21:01:56,#点亮大湖南#【共赴星辰之约】12月 20日#2022长沙城市影像节# 就要在谢子龙影像艺术馆开幕了，本次展览将持续到12月 25 日。近 50 件获奖、人围和邀约的影像作品展映。日本艺术家-“光之魔术师”千田泰廣的光影沉浸式互动装置在华中区首展，带你体验无限星海。还有更多温暖梦幻的星辰空间，超级适合圣 ...全文,1,0,2
36,4848465018621191,MkkNnAaLt,Grace的幻境,2022-12-19 19:00:02,TAMBURINS嗅觉档案香氛蜡烛新展真的解救了我的冬日小情绪，冷冰冰的温度连带着人的心情都down了好几度！一秒速冻的5G入冬需要一场温暖的展览来舒缓一下～ 蓝白相间的色彩是淮海路上最醒目的一隅，柔和的莫兰迪蓝色调空间，随处可见的巨大蜡烛艺术装置参差错落，无火胜有火，无光胜有光，构成了冬日街头 ...全文,233,619,3153
36,4847768886054750,Mk2GApp7g,海都闲鱼Kki,2022-12-17 20:53:52,录素材的时候才发现，公叫光呆去水晶塔找装置，只有光呆发现了装置。紧接着魏吉他们跑过去看，魏吉说装置上的logo和他们厂的很像，要大家谨防假冒伪劣产品…… 第一次看只以为是玩笑话，跑完了主线再看剧情才明白是怎么一回事 ,0,0,2
37,4843099128332668,Mi5cIyXHS,鬼谷子兔爷,2022-12-04 23:37:54,国产纳米角分辨光电子能谱装置问世，打破国外垄断 万大叔_的微博视频 ,6,3,24
37,4843073417252490,Mi4xfuqHE,万大叔_,2022-12-04 21:55:45,上科大立功了，国产纳米角分辨光电子能谱装置问世，打破国外垄断 万大叔_的微博视频 ,3,2,19
37,4842666107351788,MhTWiuQxe,先努力挣钱吧,2022-12-03 18:57:15,法布里-珀罗干涉仪，两个反射系数非常高的反射镜组成的光学装置，其结构类似于两个平行板，光在这个间隙内经历多次反射，每次反射都会有一小部分“逃逸”透射出来，透射出来的光将会相互进行干涉，属于多波干涉仪类型 ,0,0,0
37,4842519663482440,MhQ86eBWo,一碗甜可乐,2022-12-03 09:15:20,#鲸鱼的设计案例分享# 84/100 英国艺术家 Anthony McCall 以“凝固的光”装置艺术而闻名。结合雕塑、影像和绘画，他在空间中赋予光以变换浮动的实体形象，斑驳陆离、如影似梦。他的作品通常是在充满雾气的黑房间中，用摄像头的巧妙组织投射出复杂的光的雕 塑。  Anthony McCall 是在纽约生活和工作的艺 ...全文,0,0,0
37,4842201055499195,MhHQdn4AH,LABELHOOD,2022-12-02 12:09:18,原文：追逐光影的轨迹，YEHUAFAN「主动」解构大环境的未知数  一空一实，两圆月各自旋转，相遇、重叠、再分离🌘  一束清冷的光打在如月的圆形装置上，错落的几何线条、冷冽的建筑感廓形在一众纤长瘦削的女子身体上勾勒出光影追逐的轨迹。 这是2022年9月26日，@YEHUAFANofficial 于第十四季蕾虎先锋时装艺术节呈现了品牌首秀的现场。 ...全文,4,0,10
37,4841633645863656,Mht52oBp6,ALIENDEMON异形光魔,2022-11-30 22:34:37,经典MS机体，高达迷几乎人手一台！ 1/100 沙扎比模型模型舱定制范例 尺寸：内径24x内高33 配置：多色光柱x2+顶灯+旋叶切光装置 控制：遥控/按钮 材料：木质基板/亚克力/金属 高达#高达模型# ,1,1,0
37,4841529237050259,MhqmDtA5R,COMFORT舒适,2022-11-30 15:39:44,近日，前滩太古里“Let’s Glow Well”冬日寻光季正式启幕，以浪漫极光为灵感，倾情呈现户外大型光影艺术装置“遇光”、“入云”、“极光海”、“繁星”及为期69天的冬日寻光季主题活动。更有冰淇淋博物馆化身PINKMAS主题，“极光日历礼盒”重磅惊喜上线，璀璨开启冬日寻光季专属梦幻旅程。继LUX OPEN ...全文,0,0,1
37,4841525827343577,Mhqh8uOoN,商业地产志,2022-11-30 15:26:11,#CRR快讯# 11月29日，@前滩太古里 “Let’s Glow Well”冬日寻光季正式启幕，以浪漫极光为灵感，呈现户外大型光影艺术装置“遇光”、“入云”、“极光海”、“繁星”及为期69天的冬日寻光季主题活动。更有冰淇淋博物馆化身PINKMAS主题，“极光日历礼盒”上线，开启冬日寻光季专属梦幻旅程。 ,1,1,4
38,4844355595277156,MiBThm8Pq,Blonde小朴时态,2022-12-08 10:50:40,作为@成都远洋太古里 的冬季主题活动之一：大型公共艺术装置“光之里遇The Light Within”正在漫广场上演。一片亦静亦动的梦幻“雪景”于城市中心绽放，它让我们徜徉在无暇的雪衣之下，于瑞雪中感受冬日的生机与活力，许下对新年的美好希望。  我特地来到漫广场，走入这一片奇幻的“雪景”中。此次，成 ...全文,0,2,1
38,4844347662539061,MiBGuaEwB,红色帽子君的艺术实践,2022-12-08 10:19:09,美国AR艺术家詹姆斯·特瑞尔（James Turrell，1943-），同时也是拥有12000小时飞行时间的飞行员。也许出于这段经历，艺术家对天空、对空间有着强烈的向往。他将天空看作是他的工作室、创作材料和画板，专注于光线与空间，记录光在空间中的存在。 #现代艺术##发现艺术家##装置艺术# ,2,0,1
38,4844347088183046,MiBFyykMC,Just西安,2022-12-08 10:16:52,位于西咸金贸区的金科环形隧道，将采用创新型绿色节能照明技术——光导照明系统。该系统又称无电照明系统，利用“螺丝钉状”的导光装置，通过高强度、高透光率的采光器传射到漫射装置为环隧内部采集自然光。光导照明每天可提供10小时的自然光照明，较之同等条件下的电力照明，平均节约能耗可达40%以上 ...全文,1,0,9
38,4843721801603220,Milp26J4o,安科瑞张培,2022-12-06 16:52:12,"发布了头条文章：《浅析电弧光保护在发电厂10KV厂用电系统中的设计应用方案》 介绍了电弧光产生、危害及电弧光保护的原理和组成,对发电厂10KV中压厂用电系统保护的现状及存在的不足进行了分析,以福建省东南电化股份有限公司热电厂为例,讨论了10kV厂用电系统电弧光保护装置的设计应用方案.  ...全文",0,0,0
38,4843514603243110,Mig0QdBGe,咔哒琦萌,2022-12-06 03:08:52,我们在观看电影的时候，在我们眼前呈现的实际上并不是单纯的光运动的表象。相反，我们看到的是在透明的背景装置或周边光源遮挡中 运动的人和物的轮廓在我们眼前频闪，所有这些轮廓都是由矩形暗箱中投射光源作为背光频闪来照亮的。光，被稳定地控制在扁平的和银幕框比例一样的小金子里。电影放映中的北 ...全文,0,0,1
39,4836335582186065,MfffM9aH7,集微网知识产权,2022-11-16 07:42:00,专利动态：1.【专利解密】永新光学提出基于弹光调制的偏振成像检测装置及检测方案； 2.避免潜在许可义务！奥迪、宝马推翻NPE联网汽车专利； 3.韩国正式实施半导体技术专利申请优先审查制度； 集微网 ,7,0,3
39,4547560864488520,JjXh4iPFu,T-闯,2020-09-10 10:54:22,新车到店！2014款  MINI  1.5T COOPER Fun 2015年03月上牌，4.50万公里，仅售15.50万  带发动机启停技术、全景天窗、近光灯、定速巡航、胎压监测装置、零胎压继续行驶、无钥匙启动系统 可以接受分期～联系方式：15242033346 ,0,0,0
39,4547555155776236,JjX7RoeF6,武汉星火二手车,2020-09-10 10:31:41,新车到店！2010款  MINI  1.6T COOPER S 50 Camden 2010年10月上牌，5.70万公里，带全景天窗、座椅材质、近光灯、定速巡航、胎压监测装置、零胎压继续行驶、自动头灯，可以接受分期～首付2万 武汉二手车 武汉 ,0,2,0
39,4547360250666457,JjS3v2Nnj,SpaceIvy,2020-09-09 21:37:12,#爱未艺述##遇见艺术#  Unwoven Light   一件如梦如幻的作品，艺术家 Soo Sunny Park 将整个装置由铁丝网连接了上万片树脂玻璃形成一张流动的“光”网。 每一片玻璃从不同角度看，都有着无穷的光影与色彩变化。   #艺术# ,3,0,2
39,4547193840875530,JjNJ63FLs,修炼千年不破不立,2020-09-09 10:35:57,真是早起的鸟儿有虫吃，四更多约凌晨四点多这些鹰人就起来了，去他们的田地里捉虫施肥（就是出恭哈哈）。  跟仙雕说了我想能否回地面上，他强留不住，再三要我常来，带我飞上树盖。树盖某边上有几根打麿光的树枝，尖部像弹射装置一样用细枝扎起，他拔掉细枝，背着我像火箭一样的冲上天，然后。。。然后 ...全文,0,0,0
40,4547077332534723,JjKHbaDoD,用户6715912880,2020-09-09 02:52:59,夜晚要打开灯才能看见光在吃你 排异反应是疼痛和呕吐呕吐呕吐呕吐  你决定把分娩出的硕大影子称为某种人体故障装置艺术  一次柏拉图式的口交性行为产物 ,0,2,6
40,4546973418389506,JjHZzzcuC,艺术作品集情报局,2020-09-08 20:00:03,#艺术留学# #产品设计#   灵感 \ 极纯光影美学  Mandalaki工作室专注于对光的扩展研究，将艺术与技术相结合，创建了光晕计划，意图将光作为图形投影而不是简单的照明来源。使用单一的阳极化铝块，创造出具有高度概念价值的独特作品，将艺术装置带回家，扩大空间感知。  #作品集# ,27,11,159
40,4546837271550656,JjErZ6voA,猫咪星球北京分球,2020-09-08 10:59:04,🐱🐱🐱  西班牙艺术家luzinterruptus的 “包装在光中的生命” 是人类影子的装置。。luzinterruptus使用100个穿着黑色衣服的充气娃娃，并装在硕大的白色垃圾袋中，巧妙地放置了光点，以实现真实捕获阴影的效果。  #猫咪星球##遇见艺术##装置艺术# ,2,0,1
40,4546454695190952,JjuuVlMp2,重庆探店王,2020-09-07 09:38:51,打卡重庆超美夜猫子聚会地仁安N+，这里被称为重庆新晋网红打卡地，拍照超好看，首先推荐两个最适合拍照打卡的装置。 1⃣360度大型光影互动装置-流星树 灯光璀璨，十分夺目，流星树会不断变化颜色，仿佛置身梦幻世界。 2⃣治愈系十色拍照装置-拾光迷城 炫彩的颜色组合，你可以身临其境去拍照，轻松拍出 ...全文,2,2,6
40,4546348139675703,JjrJ3EB5J,真谛LOL,2020-09-07 02:35:25,回首整个高中教育，甚至义务教育，我最喜欢的主题其实是斜坡上的小球，如果斜坡还在个滑动的小车上绕着一根线做匀速圆周运动那真的是太精妙了。如果球再通过一个磁场并且有个能量转换装置量子越牵产生光等等等... 说的我都要高潮了。哎，这种假想的可以控制整个系统的环境真的真的太让人舒心了...如果 ...全文,0,0,0
40,4546311435847665,JjqLRoxfb,整死猫猫LXN,2020-09-07 00:09:35,装置艺术/AD Classics: Tower of Winds / Toyo Ito &amp; Associates，日本，风之塔/塔楼都覆盖有穿孔铝板，通过覆盖钢芯的反射面反射城市。该项目相当谦虚，通过材料的复杂性从字面上反映了这座城市。到了晚上，风之塔发挥了更加积极的作用，通过两台计算机将声音和风声转换为光，从而感测变化的风声和噪 ...全文,0,0,0
41,4546252169806115,JjpegF919,实验艺术_实验式ArtEdu,2020-09-06 20:14:04,由leuwebb项目设计的“热讲”是一种轻型装置，可将访客的体热转化为光和颜色变化的窗帘。该项目使用热成像和红外测量仪器通过体验照明来揭示三维空间中的人体能量。这个公共艺术项目被放置在多伦多要塞游客中心，邀请观众作为观察者和观察对象在游客中心的坡道上和周围移动，参加者与周围的现象进行对 ...全文,4,0,6
41,4546116564029834,JjlHygUlk,武汉星火二手车,2020-09-06 11:15:14,新车到店！宝马MINI CLUBMAN  1.6L COOPER Fun 2013年01月上牌，3.00万公里，带全景天窗、近光灯、定速巡航、胎压监测装置、零胎压继续行驶、自动头灯、多功能方向盘，可以接受分期～首付3万。武汉二手车 武汉 ,0,6,1
41,4546094326092247,Jjl7GpyS3,八月流火人,2020-09-06 09:46:52,物联网（The Internet of Things，简称IOT）是指通过各种信息传感器、射频识别技术、全球定位系统、红外感应器、激光扫描器等各种装置与技术，实时采集任何需要监控、 连接、互动的物体或过程，采集其声、光、热、电、力学、化学、生物、位置等各种需要的信息，通过各类可能的网络接入，实现物与物、物 ...全文,0,0,0
41,4545962397666812,JjhGTwaug,_鸡本鸡,2020-09-06 01:02:38,我毕业论文的题目是人造光在物理可视化中的运用是如何影响人认识定性装置的 写的tm啥jb玩意 关键写完也没屁用跟后续的project没有任何联系 研究生写的是隐喻在投机设计中的运用 套了前一篇论文的模版不过终归是像人话了而且写的也是我感兴趣的 说明还是进步了 夸夸自己 ,0,0,0
41,4545920320412452,JjgB21Jis,序列九十九,2020-09-05 22:15:26,国旻🥛 kookmin 《我耳朵里的窃听装置》上  *把热爱一次性轰轰烈烈地燃烧掉 挥霍光 之后毫不留情地转身离开* ,12,65,203
41,4545897620583827,Jjg0q2rSz,美术馆电梯阿姨,2020-09-05 20:45:14,张鼎 控制俱乐部  被光穿透的星期六 补充： 两组作品，可以很直观的感受到张鼎用光（灯光、自然光、镜面反光）对空间概念的挑战。二楼大型机械装置空间作品《内察刻》（2019-2020）被光分割的空间，刚进展厅一阵迷茫，以为光墙形成的四方体空间是不能随意穿越，需要寻找某个入口的；反映几秒才意识到， ...全文,1,0,5
41,4545850477649100,JjeMnw5SA,闹闹nom_nom,2020-09-05 17:37:54,#信条#看完电影，只想说诺兰牛B。时间线倒是看懂了，但是没看懂算法如何就毁灭世界了，我感觉光有那个逆时装置就足够毁灭世界了~ ,0,4,1
41,4545830570693554,Jjegh2Uqm,_稚念_,2020-09-05 16:18:48,蔡徐坤||#原创音乐人蔡徐坤# cxk 携手法国艺术家Mathieu Le Sourd创作蔡徐坤利用沉浸式声光装置 打造了艺术、音乐与科技相结合的LIVE 每一个镜头设计都是精细又完美  0.5s的笑 0.8s的借位镜头 1.0s的指尖  每一束光的利用像动作的记忆一样精准 @蔡徐坤 餍乐的微博视频 ,1,44,9
42,4545770318994691,JjcH5BJVF,王爽_宇宙奥德赛,2020-09-05 12:19:23,#王爽老师的物理实验室# 第1季第四个实验，是【水波干涉】。  这个实验展示了波的干涉现象。换言之，它展示了两列水波会如何叠加。  实验原理是这样的。实验装置的最上面，是一个能倒水的玻璃容器；还有一个振动的仪器，能在水面上制造两列水波。光从水面上方入射，经过仪器内部的一个45°角镜子的反射 ...全文,230,42,314
42,4545742804885117,JjbYIkuQd,镇江发布,2020-09-05 10:30:03,【首套变压器“光声光谱型在线监测”装置投运】1日清晨，镇江220千伏雩横变1、2、3号主变本体旁，施工人员完成了“光声光谱型在线监测”装置的安装。这套装备也是镇江地区首套对主变油样进行实时在线监测的“电网神器”。 ,3,1,4
42,4545560286341001,Jj7ekqBAd,请用指纹解锁微博,2020-09-04 22:24:47,今晚改编“情人”舞台是他携手法国艺术家Mathieu Le Sourd创作的，利用沉浸式声光装置，打造了艺术、音乐与科技相结合的LIVE，内🐟之光蔡徐坤的舞台最牛最棒的  #想魂穿蔡徐坤的伴舞#,0,0,2
42,4545519999786267,Jj6blF3R1,夏季八吃,2020-09-04 19:44:42,昆明学府路到小菜园天桥路灯 光瞎了我的眼睛！每次我骑车经过这条短路 特别是在雨天 骑起来不好 我眼花缭乱 看不见路 而且 它是逆光的！尤其是医院门口的灯！灯光装置也很有才！背光 背光 背光？？？？？？？ ,0,0,0
42,4545510704156718,Jj5WmhrlQ,春城文艺,2020-09-04 19:07:46,#春城文艺#【“西南联大历史展”入选全国重点主题展】展览以丰富的历史图片、档案实物、影像、现代化声光电及多媒体相结合的方式，让场景复原、小品雕塑和艺术装置更具表现力和感染力，在兼顾互动体验的同时，注重提升展览的教育感染力和学术传播性，成为展示西南联大历史的符号与名片。 ...全文,0,0,0
42,4545381675568981,Jj2AfnmKh,罗德岛设计学院RISD,2020-09-04 10:35:03,🌊  装置艺术 | 凝固的海浪  日本艺术团体 Me 设计的海浪装置作品，名为“Contact”。室内“海浪”波纹的光泽会随着自然光移动，极富现实感。  #装置艺术# #普瑞特艺术学院# ,3,1,18
42,4545366056504637,Jj2b3ri9v,广州图书馆,2020-09-04 09:32:59,#广图展览#【同心战疫——全民抗疫影像作品展】展览以纪实影像的方式展现了广州市各行业抗击疫情的行动以及广州市民为抗击疫情所作出的卓越贡献。以广州作为全国的缩影，全方位呈现疫情下的人性之光。展览还设置了时光列车互动装置，可带参观者回到今年春季那些特别的日子。12月31日前，可预约进馆前往 ...全文,0,0,4
43,4545105300031266,JiVou088i,国际美陈俱乐部,2020-09-03 16:16:50,#国际美陈俱乐部##OIA文创学院#为了能让大家看到风听到光，感受到爱。王府中环和三位年轻的艺术家冯嘉城、李燕、曾长聪一起独家打造“无形万相”新媒体互动装置展，千余个向光而生，满载爱意的风车通过传感器检测自然风速，使用Arduino控制灯光亮度，风速越大，风车的亮度越高，呈现无形至万相的状态， ...全文,2,0,4
43,4544731725439670,JiLFWmP6C,北京食艺兽画室,2020-09-02 15:32:23,装置艺术   🌴这里为大家介绍的是(fos)团队在Rayen餐厅门口用250米黄色胶带安装的一个临时装置，这个装置也叫(fos)，其实(fos)在希腊文里面有”光“的含义。这道亮黄色的”光“照亮了Rayen餐厅门口四个昼夜。搭配的菠萝，挂画，家具也同这束神奇的光发生关联。  #装置艺术# #当代艺术#  ...全文,4,0,24
43,4544478860287732,JiF661cQQ,美人我爱我家09,2020-09-01 22:47:35,#带着微博去旅行##V光计划# 据说“马斯廷”号来闯南海了，这到底是一艘什么样的军舰？不瞒你说，我还亲自上过这是一艘伯克IIA级导弹驱逐舰，蜂巢形的宙斯盾，巧克力形的垂发装置，还有那62倍口径，长身管方脑袋的主炮，最有特色的是：它取消了密集阵近防炮，看来没啥用哈哈。总的来说是艘很先进 ...全文,0,1,0
43,4544436702552394,JiE06aHZE,NOWNESS现在,2020-09-01 20:00:03,迷失在艺术家道格·艾特肯的音效镜屋 - 在这部《镜之声》中，装置艺术家Doug Aitken亲自当任导演，这所Mirage Gstaad艺术装置位于瑞士阿尔卑斯山的冰冻地带， 当光折射在镜面时，它不断地产生变化并呼应着周围的歌声。洛杉矶合唱团的六位主唱在这所镜子之家漫步，声音创造了全新的音像景观，充分体现了 ...全文,8,2,35
43,4544347854604468,JiBGNjjPC,升巧ART,2020-09-01 14:07:01,光艺术家Christopher Bauder创作的光动能艺术装置#升巧Art# #装置艺术#  升巧ART的微博视频 ,0,0,0
45,4543336918038210,JibofxJ6y,实验艺术_实验式ArtEdu,2020-08-29 19:09:55,《光障》（Light Barrier）穿越了数以百万计的校准光束。照明装置产生了漂浮的图形对象，它们随着时间的流逝而在空间中产生动画。 当代艺术#当代艺术#艺术#艺术# #实验式-光艺术# #光艺术# 实验艺术-央美实验式Education的微博视频 ,7,0,9
45,4543290223888108,JiaaWgjtq,万just物a壹game体,2020-08-29 16:04:22,治愈系棒棒哒金字塔罩&lt;力量处所-螺旋光强化装置&gt;和夜间露宿的山头马路，清晰日拍~ 万just物a壹game体的微博视频     深圳 ,0,0,0
45,4543075663218436,Ji4ASdvgg,万just物a壹game体,2020-08-29 01:51:46,#佛教[超话]#时间凌晨1：30分，户外金字塔罩&lt;螺旋光强化装置-力量处所&gt;、户外山头马路继续露宿～O(∩_∩)O～  万just物a壹game体的微博视频 深圳 ,0,1,1
45,4543048479934641,Ji3T1FGs9,昭柔Karry,2020-08-29 00:03:45,笑死，小男生对球鞋和游戏设备装置的热爱真的是共通的 ins第一条秀鞋，打游戏的键盘要闪闪七彩光，鼠标机械风炫酷。合理怀疑他家里的耳机就是潮流粉色猫耳 ,0,0,0
45,4542958911621442,Ji1yz6NOi,一个好设计,2020-08-28 18:07:51,凝固的海浪  日本艺术团体 Me 设计的海浪装置作品，名为“Contact”，超写实的海浪悬挂在一个小房间里，作品后面的窗户可以让自然光涌入，随着太阳在一天中移动，海浪波纹的光泽也会随之改变 ,122,19,338
45,4542914631573429,Ji0p96BjT,康乐县交警大队,2020-08-28 15:11:54,九、雨雾天气行驶要做好的提前准备？  雾天行车前，应将挡风玻璃、车头灯和尾灯擦拭干净，并检查灯光装置是否完好，雾中行车决不可车辆灯光装置残缺不全。在行驶中应打开雾灯、尾灯、示宽灯和前照灯(近光)。不能使用远光灯，因远光光轴偏上，射出的光线被雾气漫反射，在车前形成白茫茫一片，如同隔着磨 ...全文,0,0,0
45,4542626235429521,JhSTZmMsV,山茶岛Fanfan,2020-08-27 20:05:55,山 海与光  浪卷浪，山连山，大自然的生命绵延不断。海水撞至礁石，回旋有力。又或在光影之下，露出金色浪尖。  怡夕将大自然重现于公共空间，而海的起伏，碰撞出趣味。  玻璃橱窗内，站于浪间的人，呈现着装之美。  绕至装置背面，是一张静置的椅。即将被浪潮席卷的人，仍镇定在阅读。像这动荡不安的 ...全文,0,2,0
45,4542554576529920,JhR2proJi,车论坛--胡生,2020-08-27 15:21:10,（包过户/提档，支持分期付款） 17年3月雷克萨斯NX200  黑色 四驱 无钥匙进入系统、发动机启停技术、电动后备厢、近光灯、胎压监测装置、倒车视频影像、无钥匙启动系统、膝部气囊、自动驻车、自动头灯#二手车#雷克萨斯 ,0,0,0
46,4542541150822971,JhQGL3s5J,武汉星火二手车,2020-08-27 14:27:49,新车到店！2018款 奔驰A级 A 200 时尚型 2018年07月上牌，3.00万公里，带自动泊车入位、主动刹车/主动安全系统、发动机启停技术、全景天窗、近光灯、定速巡航、胎压监测装置，可以接受分期～首付5万 武汉 ,0,0,0
46,4542519063359713,JhQ78e60V,中科院之声,2020-08-27 13:00:03,近期，中科院上海光机所在100拍瓦激光装置中的高性能种子源方面取得进展，利用级联光参量放大（OPA）技术产生高性能910nm种子源，并应用到硬X射线自由电子激光装置极端光物理线站100PW激光装置。上海光机所在100拍瓦激光装置高性能种子源研究中取得进展 ,2,2,34
46,4542492148763368,JhPpIALKE,浅层地震预报研究员余晓飞,2020-08-27 11:13:06,科学家研发出无线装置 可将光、水、二氧化碳转化为清洁能源  2020-08-25 19:41:19 来源：参考消息网责任编辑：郭庆娜 ,0,0,0
46,4542223494677272,JhIqpjCLS,上海崇明,2020-08-26 17:25:33,【危险！上海#男子改装面包车为加油车#：后座拆光放油桶，连着计费装置】8月13日，上海浦东一汽车修理站内发现一辆可疑面包车，民警赶到后发现，该车后座已拆光并放置了两个1000升的塑料桶，各装有约200升汽油，一旁还用塑料管连接一个计费装置。警方判断其为“移动加油站”，幸好车辆购买时已损坏无法 ...全文,0,0,2
46,4542156674444192,JhGGDiE8w,羊城晚报金羊网,2020-08-26 13:00:03,#广州身边事# 【#小蛮腰亮灯庆七夕#】25日晚，农历#七夕#之夜，广州塔亮起，“七夕天河，幸福广州”几个字在夜空中熠熠生辉，遥祝市民乞巧节幸福安康。据悉，这是2020广州乞巧文化节重头活动之一。 当晚，花城广场爱意满满，广州乞巧文化节“光爱2020”创意艺术灯光装置在花城广场展出。市民把手放在手 ...全文,1,1,0
46,4542072410869895,JhEuJ3Eiz,咕咚咕咚YIBO,2020-08-26 07:25:13,光圈 光圈是一个用来控制光线透过镜头，进入机身内感光面光量的装置，光圈我们一般会用f来表示，像f/1.4、f/8等，f数值越小，则光圈越大，进光量就越多，照片会越亮；f数值越大，光圈越小，进光量较少，照片会较暗；另一方面，光圈的大小还会影响景深。大光圈景深更浅，拍摄人像背景更虚化更加梦幻。用 ...全文,1,0,0
46,4541717920876802,JhvgY3G5Y,胡万明in老专家中心,2020-08-25 07:56:35,#中国高科技[超话]#研究在100拍瓦激光装置中的高性能种子源研究方面取得进展，利用级联光参量放大（OPA）技术产生高性能910nm种子源，并应用到硬X射线自由电子激光装置极端光物理线站100PW激光装置——采用超连续谱产生结合飞秒光学参量放大技术，通过级联光参量放大和精密色散控制技术获得重复频率1kH ...全文,0,0,0
46,4541504934125407,JhpJrhjcP,实验艺术_实验式ArtEdu,2020-08-24 17:50:16,来自艺术工作室DRIFT Studio 动态灯光装置作品 《SHYLIGHT（害羞的灯光）》 沉浸式展览 💡  你抬头仰望：在空旷幽暗的教堂内，那自高高穹顶迎面而来的白色花朵，坠下而后浮起、绽放而后合拢，忽近忽远，在半空中忽明忽暗地发着光，仿佛教堂里幽幽回响的天外歌声……  当代艺术艺术 ...全文,18,1,27
47,4541368447281927,Jhmbiuymr,卍坐懷不亂-财不入急门,2020-08-24 08:47:55,#消费电子# #今日看盘# CIS 预计要缺货  CIS是一种将光信号转换为电信号的装置，是光学模组核心部件之一。图像传感器根据元件的不同可分为CCD和CMOS两大类。  近期许多手机行业客户为防止下半年出现CIS缺货的情况，提前下单备货。非手机市场今年需求颇为可观，导致出现缺货。  短期来看，由于大部分旗 ...全文,0,1,0
47,4540623200453241,Jh2Ni1TUl,黎锦,2020-08-22 07:26:33,昨晚又去运河边与大家唱歌，锅巴又带了新装置，小调音台和一个射灯。这样子唱起来，颇有点上舞台的感觉了。  白天虽然炎然依旧，但从傍晚起，风就变得清凉了。我最喜欢的就是站在空旷的舞台上唱歌，有风拂在脸上，所有的光都聚在我的身上，我喜欢这种对舞台的掌控感，它令我特别自信，自如，自在。 ,0,0,1
47,4540454660211626,JgYps0T3k,实验艺术_实验式ArtEdu,2020-08-21 20:16:50,阴霾是日本TeamLab的一种新的沉浸式数字艺术装置，  它将客人放置在基于光的漩涡的中心。作品利用光，雾和声音将宾客包裹在令人迷惑的漩涡状聚光灯下，并由镜面地板反射。 #当代艺术# 当代艺术 艺术 #艺术# ,2,0,4
47,4540450403525055,JgYiAeN1J,实验艺术_实验式ArtEdu,2020-08-21 19:59:56,该装置的名称为“光屏障第三版”，该系列利用大量的投影仪，镜子和扬声器来呈现体积的光形式，这些光形式在作品上方的雾霾中形成。 #当代艺术# 当代艺术 艺术 #艺术# ,2,0,3
48,4540154934463765,JgQC1iJed,iiiiiiiiiii_llllllllllll,2020-08-21 00:25:51,🌟三丽鸥—松原光跨界合作 #童心引力# 之前一直不知道，昨天去逛的时候突然发现这个展览。真是不用调色就能拍得很好看  高达11米的巨型装置，顶部互动LED屏，扫一扫，即有大眼仔和酷企鹅。童新游乐场内的“惊喜格子屋”、“摩登光影屋”、“超能叠镜屋”  @成都IFS #展览# #成都ifs#   贴纸 ...全文,0,4,19
48,4540108579029058,JgPpfBSRY,实验艺术_实验式ArtEdu,2020-08-20 21:21:39,艺术家杨永亮在4K天体视频装置中协调人类产生的光和自然发光的星星。设定为令人毛骨悚然的技术配乐，《黑暗之旅II》蜿蜒穿越横跨70米的山区城市。身临其境的作品的运动主要限于在桥梁和街道上行驶的汽车，灯光在现代建筑和地貌之间不断发出光芒。 #当代艺术# #艺术# 艺术 当代艺术 ,4,1,9
48,4540026316653701,JgNgzrUVL,汽湃,2020-08-20 15:54:46,【雷克萨斯新款ES曝光，增电子后视镜/年底前开售】近日海外媒体曝光了一组雷克萨斯新款ES车型官图，新车计划在今年年底前于欧洲市场正式发布。配置方面，新车首次匹配了电子后视镜，该系统集成了冬季除霜加热装置，防眩光传感器和折叠功能以防止破裂。在内部，驾驶员和乘客位置有两个数字显示屏，带有 ...全文,0,0,0
48,4539684955357762,JgEnZmtNw,国云环保的博客,2020-08-19 17:18:18,一种微波无极紫外废气处理设备技术说明     微波无极紫外光废气处理装置是一款实用新型空气净化器技术。微波无极紫外光废气处理装置需要解决的技术问题是提高紫外光发光效率，进而提高臭氧的产量，提高设备的废气处理能力。 为了解决废气处理的技术问题，微波无极紫外废气处理设备技术方案如下：     ...全文,0,0,0
48,4539646446410398,JgDnSqTDw,智电出行,2020-08-19 14:45:18,#车市速递#  近日海外媒体曝光了一组#雷克萨斯# 新款ES车型官图，新车计划在今年年底前于欧洲市场正式发布。配置方面，新车首次匹配了电子后视镜，该系统集成了冬季除霜加热装置，防眩光传感器和折叠功能以防止破裂。 雷克萨斯新款ES曝光！增电子后视镜/年底前开售 ,62,93,426
48,4539604680050593,JgCiw0da1,_木本五点五_,2020-08-19 11:59:19,因为关于新加坡的一次光装置vlog，对这类装置后劲挺大//@译艺的意义:支持我的新译作哦完整解读视频见评另含《全域》系列图集。特瑞尔将人的感知置于核心，让光涌进可通行的空间，将参观者带向感知极限，因无法通过某件物体或空间界限进行视觉定位而获得一种无限感。不要错过沉浸式绝美体验,0,0,0
49,4539448274453456,JgyefiGxW,没有耳朵的兔子是猫呀,2020-08-19 01:37:50,嘎子哥的金属嗓太适合狮子王了，一张口王的气势就上来了，后半段的升key也好喜欢，含韵小姐姐好像公主哦，不过这个舞台音响声效太差劲了，光靠人声撑起来，国内的各个晚会能不能好好搞搞你的舞台装置？简直浪费了歌手的表现力，本该是神级舞台，硬生生给弄拉胯降级了,0,0,0
49,4539274819274926,JgtItCUPA,武汉星火二手车,2020-08-18 14:08:34,新车到店！名爵MG6 20T 自动豪华智联版 国V 2018年07月上牌，2.70万公里，带无钥匙进入系统、近光灯、定速巡航、胎压监测装置、倒车视频影像、无钥匙启动系统、自动驻车，可以接受分期～ 武汉 ,0,3,0
49,4539251038106310,Jgt67y0OW,艺术留学作品集,2020-08-18 12:34:05,#装置艺术# #灵感#   装置艺术 | 光之森林 “在这个用于COS的装置中，我设想要营造一片光明的森林。” “一棵森林，由无数由上面的聚光灯制成的光锥组成。这些光不断脉动并不断发生状态和流动的瞬息。人们在这片森林中蜿蜒曲折，仿佛被光的魅力所吸引。光与人彼此互动，它的存在定义了另一个的过渡。” ...全文,2,1,8
49,4538155313666878,Jg0APfnVc,NaturePortfolio,2020-08-15 12:00:04,研究人员首次在可见光中制造了“分支流”现象，而这种物理现象之前仅在其他类型的波（例如声波）中才能观察到。科学家仅仅使用一束激光和一个简单的肥皂泡，就使光沿着它的路径扭曲和分叉。他们希望这一新的装置可以帮助学术界更多地了解“分支流”现象。#自然视频# Nature自然科研的微博视频 ,101,22,131
49,4537831642371142,JfSaM9WQe,王府井,2020-08-14 14:33:55,&quot;无形万相&quot;新媒体互动装置展，带你感受风的形状、光的声音、爱的力量！,0,0,2
49,4537791851801197,JfR8B7yzz,嘉辉Allen,2020-08-14 11:55:48,#随物生心##魔都看展#  大型裝置⛓️藝術展 通過光與影，視覺與聽覺引導觀眾去感知去思考🤔 容易拍出大片質感的展覽 嘉辉Allen 上海·上海民生现代美术馆 ,111,153,351
50,4529635482934223,JcqXacjkb,剑霜描玥_Priest的喵绝不认输,2020-07-22 23:45:18,IYSECCXII@青年应对气候变化行动网络CYCAN  没想到会涉及到光伏制氢，和我毕设的光解水产氢课题有异曲同工之处，但电池应用从当下研究来看确实是更有可行性，光催化只是有可能性，实际应用还是过于遥远。教授还提到了充电桩的应用与地区性公共装置的改造，这对城市空间和供电系统都有非常大的 ...全文,0,0,0
50,4498243885074543,IFdLSli7t,诗埼的眼睛,2020-04-27 08:46:18,布鲁克林艺术家Lesley Green用废弃的彩色玻璃创造出的装置艺术，她的光折射项目是“考虑到彩色玻璃可以被重新想象成灵活的、可定制的和可携带的”，而不是一个固定在房子或建筑物里的永久特征。结果，破碎的玻璃在她灵巧的手里，神奇地变成了精致的艺术品，不生不灭的彩色玻璃多肉植物，仙人掌、龙舌兰 ...全文,5,0,16
50,4497713699888110,IEZYJFulE,见易思楠,2020-04-25 21:39:32,#易烊千玺这是我们这是光#  防护服版火红的萨日朗，让咱易燃装置的队长有点儿缺氧，想不起动作 见易思楠的微博视频 ,0,0,0
50,4496918794870135,IEFiDkqWz,洛夫特天然树脂,2020-04-23 17:00:52,以无影面作为基调，弱化杂光，用纯粹的白色体块作艺术装置，营造自由精神的空间  好设计共欣赏装修这件事小户型装修发现设计重庆装饰设计圈建筑设计#装修#设计 ,0,1,5
51,4496574492718634,IEwljbpeW,集美MUSE,2020-04-22 18:12:44,STUDIO O的《蓝调交响曲》装置，融合了约400种织物，其中空间关系，视角，材料，视图，自然光和人造光以及声音营造出清晰，精致的空间组成和层次。有节奏的方法和顺序改变了空间之间的关系，所以STUDIO O为它名为“蓝调交响曲 #艺术展# #装置艺术# #美学# #蓝色系# #纺织品设计# ,0,0,1
51,4496507216846168,IEuANsJ04,MFmore壹添艺术,2020-04-22 13:45:23,#当代艺术家作品欣赏##MFmore国际艺术家推荐#  Tsang Kin-wah作品～ 这种光媒的呈现（浸没式多媒体装置），科技手段的应用能够越来越多的增加艺术的体验感，现在比较先驱的时候更多的新鲜感认同度，而且是大众易于接受的方式。这种方式的可复制性推广性，也表明这种形式商业运营的巨大潜力……例如雨屋 ...全文,5,0,9
51,4495511614748809,IE4GZjVnH,把老烊放兜里x,2020-04-19 19:49:14,"易烊千玺给宝贝买了新鞋，新衣服还没到, 易燃装置穿上太好看了 易炸装置没有合适的鞋，光脚丫😱  易小名肚子太大，衣服都难买😂 ",0,0,2
51,4495164263879439,IDVEKghdB,so有腹肌之力的流浪书生,2020-04-18 20:48:59,克鲁克斯辐射剂：当装置上有光照射时，叶片就会旋转，黑色面朝远离光的方向运动，这就直接证明了光子具备足够的动量，可以让辐射剂的叶片运动起来。 广州·珠吉 ,0,0,0
51,4495159498184838,IDVx3ylfw,秦淮文旅,2020-04-18 20:30:03,【#如何挑选合格的电动车头盔#】记者选取了市场上的4款头盔样品检验，护目镜可见光透过率2件合格，佩戴装置强度都不合格，头盔耐穿透性仅1件合格。业内人士称，符合要求的头盔成本价不低于50元，十几元的不建议购买。选购时，应对壳体进行挤压，护目镜挑选浅色的。JSTV荔枝视频的秒拍视频 ,0,0,1
51,4494376753500539,IDBazeGEj,SGA沪申画廊,2020-04-16 16:39:42,「INSIDE SGA」EP1 - 高伟刚  从传统绘画到声、光、电结合的前卫装置，艺术家高伟刚与我们分享了创作的心路变化：“我觉得大多数的艺术家不是很想把自己的真实想法告诉大家……我其实想对大家进行一次‘干扰’。”   #INSIDE SGA# 幕后花絮系列 特别感谢：摄影@VIEW浮游 采访@黄赟IAN   ...全文,2,0,4
51,4494088591832401,IDtFN7GGR,秋咪的婚礼世界,2020-04-15 21:34:39,太原婚礼    光是最自然的设计师，它透过高低起伏的装置，落在墙上、地面上，生成明暗斑驳，让光影在这片空间里旋转舞动。  #摩杰作婚礼设计作品# ,0,1,1
52,4493192030813955,ID6lJ3pKj,ShinyArt善怡艺术,2020-04-13 10:12:02,#城市公共艺术指南# #善怡公共艺术# #ShinyArt#   莉莉·里夫斯的雕塑作品通过个人、社会和环境康复的整体视角促进情感和身体的健康。 她将光、空间、身临其境的装置和观众的参与作为工具来解决当代文化中的精神鸿沟，在一个迷人的世界中激发奇迹和创新。 ,0,0,2
52,4491866462342364,ICxRI9Pm4,深圳牙齿矫正王瑛医生,2020-04-09 18:24:42,附件是用光固化树脂制作的，粘贴在牙齿表面的辅助装置，在隐形矫治中发挥了重要作用。 1，增强固位 2，加强对牙齿的施力作用。 ,0,0,1
52,4491135361259394,ICeQw5hCO,邢维东的手稿,2020-04-07 17:59:34,黑是光  冠华  星卫灯  邢维东与南部生活共识社区合作系列作品《黑是光》，油画和装置均限量2件，01号1千元   02号10万元，任选。 ,0,0,1
52,4491112171146658,ICef74Oiu,投石technology,2020-04-07 16:27:25,发表了博文《投石科技有灵魂的声音互动装置案例集合颠覆你的认知》如何让声音变得可视化，怎样和这些无形但无处不在的元素对话？艺术家们通过自己的方式给我们提供一种答案。他们把声音与视觉艺术、多媒体装置、水光投石科技有灵魂的声音互动装置案例集合颠覆你的认知 ,0,0,0
52,4490522318538428,IBYTJzPeA,Scarlett-美学,2020-04-06 01:23:33,🔸花艺装置|融光 via：二十一TWENTY_ ONE  #遇见艺术# #美学# ,0,0,1
52,4490060009279243,IBMS4CVXd,柏叶设计事务所,2020-04-04 18:46:30,整个设计围绕视、触、听、嗅、味五感，设计营造独特空间感受，巧妙运用空间介入装置艺术传达水光潋滟的空朦的江南镜像，以此打造一个具有当代艺术空间氛围的体验式艺术空间。 ,0,0,2
52,4489929034193361,IBJsPhASR,大张雷的小小碗,2020-04-04 10:06:03,市井记忆的模数纪念性 9|Organicare Showroom |Tropical Space| 传统砖砌渗透肌理的模数化钢构装置，光过滤出模数化的秩序，营造了一个砖记忆被神圣化的现象学空间。 #数字游民实验室# #数字游民# #我喜欢的建筑与设计#  数字游民的建筑探索第12站：胡志明，西贡排屋的建筑复兴 ,51,3,21
53,4489006181581745,IBlsm6Du1,王俊少年,2020-04-01 20:58:57,#ff14# #ff14装修# #光之装潢师# S房艺术装置类系列亲友房《路线·光线》。图片版~视频稍后 ,22,5,19
53,4488595936855608,IBaMFsLsk,美创数字站C位的小美,2020-03-31 17:48:48,艺术  城市与混凝土的《内环》灯光装置 • 给黑夜里的公园添一点光  #遇见艺术# ,0,28,30
53,4487114089957295,IAyeAFMlx,She·enS,2020-03-27 15:40:28,#.• 𝐏𝐡𝐨𝐭𝐨𝐠𝐫𝐚𝐩𝐡𝐲 •.#  • Oystein Sture Aspelund . Æ𝐎𝐍  / “Æ𝐎𝐍 系列是一个集烟、光和火为一体的临时装置，设置在未受破坏的北欧景观中。  从主题上讲，这一系列是在考察我们与景观和自然栖息地的关系。 它关注的是我们作为人类如何与自然空间和环境 ...全文,0,0,1
53,4487112881535985,IAycE6rzX,太上邪神,2020-03-27 15:35:40,宇宙如图，迈克尔逊莫雷实验装置，光经过semi-silvvered mirror镜片折射和反射后，分成两道光线，分别标记为绿光和橙光，绿光向上传播，通过mirror镜片反射后向下传播，再通过semi-silvvered mirror镜片折射后向detector传播；橙光向右传播，通过mirror镜片反射后向左传播，再通过semi-silvver ...全文,0,0,2
53,4486650963220785,IAmbCdvS9,太上邪神,2020-03-26 09:00:10,科普如图，迈克尔逊莫雷实验装置，光经过semi-silvvered mirror镜片折射和反射后，分成两道光线，分别标记为绿光和橙光，绿光向上传播，通过mirror镜片反射后向下传播，再通过semi-silvvered mirror镜片折射后向detector传播；橙光向右传播，通过mirror镜片反射后向左传播，再通过semi-silvver ...全文,0,0,0
53,4486173416668402,IA9LnrYKS,婚礼制造家,2020-03-25 01:22:34,#婚礼灵感分享#  装置艺术/ 通过透明反光镜来捕捉光的的传感 灵感来源于水滴的下落，与水面的碰撞 有一种让人想从短暂的时间中脱离开 体态轻盈，散落于空间，重复的转动着 #婚礼灵感##婚礼策划##设计# ,1,0,4
53,4486079631151583,IA7k74PzV,又当咸鱼的Frost,2020-03-24 19:09:54,90级专3一技能赛雷娅也目前只能打到19，失败的每把都不一样太难了昨天刷了一下午把赛雷娅1技能专三材料刷齐了，从0开始的刷6个双极纳米片，全新装置和刺球刷到吐血，然后刷扭转醇发现6-11的装置爆率挺高的草，专门刷全新装置亏爆了接下来精二临光看一下能不能简单一点 ,0,0,0
53,4486030860053758,IA63s0dZ4,旅行狮,2020-03-24 15:56:05,海湾大桥为逝者亮灯｜𝙡𝙤𝙫𝙚 𝙞𝙨 𝙖𝙡𝙡 𝙖𝙧𝙤𝙪𝙣𝙙  近日在旧金山海湾大桥🌉 一盏特殊的【40号钢索77层的3612号灯】 为所有#新冠疫情#逝者点亮 为充满【爱、关怀、包容】的旧金山点赞  【✨海湾之光】 是海湾大桥的灯光艺术装置 是一件送给#加州#人民 ...全文,18,29,291
53,4486000149107603,IA5fUCdiP,NOT集,2020-03-24 13:54:03,#遇见艺术##青岛文创市集#   ☁️多变的云与光  瑞典70后艺术家David Stenbeck喜欢制造云层装置艺术，他会根据背景选择合适的云朵颜色和射线，画面温柔却又非常酷。 ,3,0,7
54,4485949276695893,IA3VRs5Uh,环球时报环球旅游,2020-03-24 10:31:55,#环环游地球# #旧金山海湾大桥为所有新冠疫情逝者亮灯# 近日，备受旧金山人和游客钟爱的海湾大桥亮起了一盏特殊的灯——40号钢索77层的3612号灯为所有因新冠疫情而逝去的人们点亮。在旧金山的海湾大桥，美轮美奂的灯光艺术装置《海湾之光》是艺术家利奥·维拉利尔于2013年创作的标志性灯光雕塑。它原本 ...全文,0,0,0
54,4484692567369885,IzxeUuVf7,忆吾拾月时酒,2020-03-20 23:18:12,爆哭。 今天一天爆碎仅剩的6颗石头、刷绿票换材料、家底全部败光只为精二一个四星的桃金娘，我百感交集涕泗横流。（研磨石新装置我恨死你们了） 前天自己拼命专一60级的塞爹打18练度终究是差一点点，只好嫖了别人的。感谢大佬的作业！ 危机合约，生生把我一条佛系非洲咸鱼逼成破釜沉舟的拼命三郎， ...全文,0,0,1
54,4483471563340312,Iz1tye0Y0,最毕设,2020-03-17 14:26:22,利用阳光来绘图的艺术装置  新媒体艺术工作室 Kimchi And Chips 用99台电动镜排列在15米长的轨道上反射太阳光，漂浮在空气中水珠，在光线的照射下形成光晕，光晕的可见性完全依赖于太阳的强度。 为了实现清晰的光晕，每个镜子都被设置了一组参数，适用于其独特的位置、旋转角度、偏移。  更多作品： ...全文,10,2,16
57,4064111644583188,EqTPSjeio,Hamsterniuniu,2017-01-15 09:19:46,#放牛珊瑚礁#  从上班到度假，中间有两天情绪过度，是最完美的。今天一早到美容院做了指甲等等之后，就开始整装。光是深潜浮潜的装置和衣物，就一个行李袋，Ray哥说一件也不能忘了。游泳并不灵光的人，却最喜欢各色泳衣，那就是我咯。一数，竟有二十多件，大多数还都是Ray哥买的，哈哈，这次就带这些吧 ...全文,3,102,86
57,3975423173613148,DvE6hf9WA,水5郎,2016-05-15 15:43:27,跑去中科院高能物理研究所的公众开放日装逼，看到了长达240米埋地底深处的正负电子对撞机、全国三个之一的辐射光研究装置、液氮等等和我们见到的科幻片Concept完全不一样😂今天感受到了电离辐射的力量☢️ ,26,1,10
57,3584009806035907,zzftGpkdl,派拉蒙电影,2013-05-31 13:26:28,导演J·J·艾伯拉姆斯将#星际迷航：暗黑无界3D#带到了一个很有意义的拍摄地点：位于加州劳伦斯利福摩尔国家实验室的国家点火装置(NIF)，这里有世界最强的192具雷射光，正试着要解开物质和反物质的秘密，来探索核融合。在这个设施的研究或许有天会带来改变世界的能源革命，让人类甚至可能进行太空旅行。 ,8,3,1
